DeployID,FieldID,Deployed,Recovered,Max of GPS_TagRecov,Max of TDR_TagRecov,ValidTDRFiles
1,KPA2013WTSH020A,2013-08-14 07:31,2013-08-20 14:20,1,6,
2,KPA2013WTSH015A,2013-08-13 09:35,2013-08-15 08:11,1,6,
3,KPA2013WTSH002A,2013-08-14 07:00,2013-08-15 06:36,1,6,
4,KPA2013WTSH003A,2013-08-14 07:09,2013-08-15 07:57,1,6,
5,KPA2013WTSH008A,2013-08-13 06:27,2013-08-13 06:27,0,6,
6,KPA2013WTSH017A,2013-08-13 06:47,2013-08-15 08:15,1,6,
7,KPA2013WTSH022A,2013-08-13 07:14,2013-08-15 08:35,1,6,
8,KPA2013WTSH001A,2013-08-13 07:44,2013-08-16 09:50,1,6,
9,KPA2013WTSH028A,2013-08-13 08:10,2013-08-15 10:50,1,6,
10,KPA2013WTSH026A,2013-08-13 08:30,2013-08-15 08:53,1,6,
11,KPA2013WTSH030A,2013-08-13 08:55,2013-08-15 07:06,1,6,
12,KPA2013WTSH013A,2013-08-13 09:17,2013-08-28 10:15,1,6,
13,KPA2013WTSH021A,2013-08-13 09:52,2013-08-21 08:22,1,6,
14,KPA2013WTSH027A,2013-08-13 10:47,2013-08-20 15:07,1,6,
15,KPA2013WTSH023A,2013-08-13 11:08,2013-08-15 07:43,1,6,
16,KPA2013WTSH029A,2013-08-14 06:26,2013-08-15 06:36,1,6,
17,KPA2013WTSH005A,2013-08-14 06:37,2013-08-26 08:51,1,6,
18,KPA2013WTSH018A,2013-08-14 07:44,2013-08-26 07:21,1,6,
19,KPA2013WTSH010A,2013-08-14 07:57,2013-08-15 09:50,1,6,
20,KPA2013WTSH025A,2013-08-14 08:14,2013-08-15 06:02,1,6,
21,KPC2013WTSH019A,2013-09-01 06:23,2013-09-04 06:02,1,6,
22,KPC2013WTSH016A,2013-09-01 06:38,2013-09-11 06:23,1,6,
23,KPC2013WTSH018A,2013-09-01 06:52,2013-09-19 06:30,2,6,
24,KPC2013WTSH026A,2013-09-01 07:10,2013-09-01 07:10,0,6,
25,KPC2013WTSH022A,2013-09-01 07:33,2013-09-09 10:15,1,6,
26,KPC2013WTSH023A,2013-09-01 07:44,2013-09-09 09:25,1,6,
27,KPC2013WTSH030A,2013-09-01 08:02,2013-09-01 08:02,0,6,
28,KPC2013WTSH028A,2013-09-01 08:14,2013-09-09 08:45,1,6,
29,KPC2013WTSH024A,2013-09-01 08:33,2013-09-02 07:16,1,6,
30,KPC2013WTSH008A,2013-09-01 08:55,2013-09-02 05:54,1,6,
31,KPC2013WTSH009A,2013-09-01 09:09,2013-09-02 07:49,1,6,
32,KPC2013WTSH011A,2013-09-01 09:21,2013-09-20 09:32,2,6,
33,KPC2013WTSH003A,2013-09-01 09:36,2013-09-04 09:00,1,6,
34,KPC2013WTSH004A,2013-09-01 10:16,2013-09-20 06:00,2,6,
35,KPC2013WTSH010A,2013-09-01 10:29,2013-09-02 12:39,1,6,
36,KPC2013WTSH002A,2013-09-01 10:41,2013-09-11 07:09,1,6,
37,KPC2013WTSH001A,2013-09-01 10:53,2013-09-04 06:11,1,6,
38,KPC2013WTSH025A,2013-09-01 11:18,2013-09-02 11:25,1,6,
39,KPC2013WTSH027A,2013-09-01 11:28,2013-09-07 09:43,2,6,
40,KPC2013WTSH029A,2013-09-01 11:35,2013-09-02 11:34,1,6,
41,KPNM2013WTSH014A,2013-09-21 08:54,2013-09-23 11:25,5,6,
42,KPNM2013WTSH001A,2013-09-21 05:30,2013-09-21 05:30,0,6,
43,KPNM2013WTSH002A,2013-09-21 05:43,2013-09-21 05:43,0,6,
44,KPNM2013WTSH004A,2013-09-21 05:57,2013-09-21 05:57,0,6,
45,KPNM2013WTSH003A,2013-09-21 06:10,2013-09-21 06:10,0,6,
46,KPNM2013WTSH005A,2013-09-21 06:31,2013-09-21 06:31,0,6,
47,KPNM2013WTSH006A,2013-09-21 06:46,2013-09-22 12:54,5,6,
48,KPNM2013WTSH007A,2013-09-21 07:06,2013-09-21 07:06,0,6,
49,KPNM2013WTSH008A,2013-09-21 07:19,2013-09-21 07:19,0,6,
50,KPNM2013WTSH009A,2013-09-21 07:39,2013-09-21 07:39,0,6,
51,KPNM2013WTSH010A,2013-09-21 07:54,2013-09-22 09:37,3,6,
52,KPNM2013WTSH011A,2013-09-21 08:05,2013-09-21 08:05,0,6,
53,KPNM2013WTSH012A,2013-09-21 08:19,2013-09-22 08:30,5,6,
54,KPNM2013WTSH013A,2013-09-21 08:29,2013-09-22 12:15,5,6,
55,KPNM2013WTSH015A,2013-09-21 09:18,2013-09-22 13:15,5,6,
56,KPNM2013WTSH016A,2013-09-21 09:41,2013-09-21 09:41,0,6,
57,KPNM2013WTSH017A,2013-09-21 10:08,2013-09-23 10:15,4,6,
58,KPNM2013WTSH018A,2013-09-21 10:23,2013-09-30 07:10,5,6,
59,KPNM2013WTSH019A,2013-09-21 10:35,2013-09-21 10:35,0,6,
60,KPNM2013WTSH020A,2013-09-21 10:54,2013-09-30 05:40,4,6,
61,LEH2013RFBO005A,2013-08-07 17:06,2013-08-09 05:30,2,6,
62,LEH2013RFBO001A,2013-08-06 22:37,2013-08-09 05:30,2,6,
63,LEH2013RFBO002A,2013-08-07 06:03,2013-08-08 15:38,2,6,
64,LEH2013RFBO003A,2013-08-07 06:56,2013-08-09 07:12,2,6,
65,LEH2013RFBO004A,2013-08-07 07:17,2013-08-09 22:10,1,6,
66,HAW2013WTSH026A,2013-08-21 07:14,2013-08-22 06:19,1,6,
67,HAW2013WTSH032A,2013-08-21 06:16,2013-08-22 06:30,1,6,
68,HAW2013WTSH030A,2013-08-21 06:00,2013-08-28 05:42,2,6,
69,HAW2013WTSH039A,2013-08-21 08:07,2013-08-28 05:24,2,6,
70,HAW2013WTSH022A,2013-08-21 06:45,2013-08-27 08:20,2,6,
71,HAW2013WTSH014A,2013-08-21 07:40,2013-08-28 07:44,2,6,
72,HAW2013WTSH035A,2013-08-21 07:20,2013-08-21 07:20,0,6,
73,HAW2013WTSH036A,2013-08-21 07:28,2013-08-22 05:54,1,6,
74,HAW2013WTSH009A,2013-08-21 06:52,2013-08-21 06:52,0,6,
75,HAW2013WTSH037A,2013-08-21 08:53,2013-08-22 06:57,1,6,
76,HAW2013WTSH054A,2013-10-08 08:30,2013-10-09 05:25,1,6,
77,HAW2013WTSH002A,2013-08-21 06:21,2013-08-27 06:53,2,6,
78,HAW2013WTSH052A,2013-10-08 08:21,2013-10-08 08:21,0,6,
79,HAW2013WTSH011A,2013-08-21 07:34,2013-08-22 07:08,1,6,
80,HAW2013WTSH038A,2013-08-21 07:59,2013-08-23 08:25,1,6,
81,HAW2013WTSH008A,2013-08-21 06:32,2013-08-22 06:30,2,6,
82,HAW2013WTSH027A,2013-08-21 05:53,2013-08-28 06:30,2,6,
83,HAW2013WTSH020A,2013-10-08 07:30,2013-10-09 06:55,1,6,
84,HAW2013WTSH045A,2013-10-08 07:58,2013-10-13 08:45,2,6,
85,HAW2013WTSH055A,2013-10-08 05:52,2013-10-09 07:03,1,6,
86,HAW2013WTSH031A,2013-08-21 06:10,2013-08-22 05:36,1,6,
87,HAW2013WTSH007A,2013-10-08 09:00,2013-10-10 06:16,1,6,
88,HAW2013WTSH016A,2013-10-08 07:04,2013-10-08 07:04,0,6,
89,HAW2013WTSH057A,2013-10-08 08:10,2013-10-09 06:25,1,6,
90,HAW2013WTSH033A,2013-08-21 07:25,2013-08-22 07:19,1,6,
91,HAW2013WTSH015A,2013-08-21 07:46,2013-08-22 06:26,1,6,
92,HAW2013WTSH005A,2013-08-21 06:39,2013-08-22 06:08,1,6,
93,HAW2013WTSH034A,2013-08-21 07:06,2013-08-23 05:39,1,6,
94,HAW2013WTSH027A,2013-10-08 05:43,2013-10-08 05:43,0,6,
95,HAW2013WTSH023A,2013-10-08 05:31,2013-10-08 05:31,0,6,
96,HAW2013WTSH043A,2013-10-08 06:03,2013-10-09 07:10,1,6,
97,HAW2013WTSH028A,2013-10-08 06:15,2013-10-09 08:03,1,6,
98,HAW2013WTSH010A,2013-10-08 06:28,2013-10-10 05:10,1,6,
99,HAW2013WTSH019A,2013-10-08 06:40,2013-10-08 06:40,0,6,
100,HAW2013WTSH047A,2013-10-08 07:15,2013-10-09 05:12,1,6,
101,HAW2013WTSH021A,2013-10-08 07:46,2013-10-08 07:46,0,6,
102,HAW2013WTSH049A,2013-10-08 08:52,2013-10-08 08:52,0,6,
103,HAW2013WTSH053A,2013-10-08 09:12,2013-10-08 09:12,0,6,
104,HOO2013WTSH015A,2013-09-11 05:53,2013-09-16 09:00,1,6,
105,HOO2013WTSH038A,2013-09-11 06:03,2013-09-16 07:37,2,6,
106,HOO2013WTSH012A,2013-09-11 06:40,2013-09-11 06:40,0,6,
107,HOO2013WTSH040A,2013-09-11 07:24,2013-09-12 08:23,1,6,
108,HOO2013WTSH029A,2013-09-11 06:29,2013-09-16 05:57,1,6,
109,HOO2013WTSH005A,2013-09-11 06:12,2013-09-11 06:12,0,6,
110,HOO2013WTSH035A,2013-09-11 06:20,2013-09-12 07:08,1,6,
111,HOO2013WTSH024A,2013-09-11 07:32,2013-09-12 07:44,1,6,
112,HOO2013WTSH006A,2013-09-11 07:15,2013-09-12 05:59,1,6,
113,HOO2013WTSH036A,2013-09-11 07:52,2013-09-17 05:44,2,6,
114,HOO2013WTSH018A,2013-09-11 08:25,2013-09-17 07:37,3,6,
115,HOO2013WTSH023A,2013-09-11 08:49,2013-09-16 09:40,1,6,
116,HOO2013WTSH020A,2013-09-11 07:09,2013-09-12 05:48,1,6,
117,HOO2013WTSH009A,2013-09-11 07:08,2013-09-13 06:16,1,6,
118,HOO2013WTSH004A,2013-09-11 08:33,2013-09-11 08:33,0,6,
119,HOO2013WTSH013A,2013-09-11 06:58,2013-09-16 06:16,2,6,
120,HOO2013WTSH017A,2013-09-11 07:42,2013-09-12 06:33,1,6,
121,HOO2013WTSH008A,2013-09-11 08:02,2013-09-12 06:08,1,6,
122,HOO2013WTSH022A,2013-09-11 08:18,2013-09-12 06:41,1,6,
123,HOO2013WTSH031A,2013-09-11 08:41,2013-09-12 06:49,1,6,
124,BLP2013WTSH056A,2013-08-20 06:02,2013-08-20 06:02,0,6,
125,BLP2013WTSH031A,2013-08-20 06:46,2013-08-20 06:46,0,6,
126,BLP2013WTSH103A,2013-08-20 07:17,2013-08-22 10:19,1,6,
127,BLP2013WTSH049A,2013-08-20 07:28,2013-08-20 07:28,0,6,
128,BLP2013WTSH036A,2013-08-20 07:41,2013-08-20 07:41,0,6,
129,BLP2013WTSH099A,2013-08-20 07:54,2013-08-22 07:20,1,6,
130,BLP2013WTSH030A,2013-08-20 08:24,2013-08-20 08:24,0,6,
131,BLP2013WTSH078A,2013-08-20 08:48,2013-08-22 09:33,1,6,
132,BLP2013WTSH001A,2013-08-20 09:08,2013-08-20 09:08,0,6,
133,BLP2013WTSH003A,2013-08-20 09:32,2013-08-22 08:13,1,6,
134,KAE2013WTSH018A,2013-08-16 09:30,2013-08-19 07:43,1,6,
135,KAE2013WTSH008A,2013-09-30 06:00,2013-10-03 05:54,1,6,
136,KAE2013WTSH012A,2013-09-30 06:14,2013-09-30 06:14,0,6,
137,KAE2013WTSH003A,2013-09-09 05:27,2013-09-10 06:01,1,6,
138,KAE2013WTSH004A,2013-09-09 05:33,2013-09-10 05:50,1,6,
139,KAE2013WTSH005A,2013-09-09 05:39,2013-09-10 06:28,1,6,
140,KAE2013WTSH006A,2013-09-09 05:45,2013-09-10 06:05,1,6,
141,KAE2013WTSH007A,2013-09-09 05:51,2013-09-10 07:21,1,6,
142,KAE2013WTSH008A,2013-09-09 05:57,2013-09-11 07:52,1,6,
143,KAE2013WTSH009A,2013-09-09 06:03,2013-09-10 08:00,1,6,
144,KAE2013WTSH010A,2013-09-09 06:09,2013-09-10 06:49,1,6,
145,KAE2013WTSH011A,2013-09-09 06:15,2013-09-11 06:02,1,6,
146,KAE2013WTSH012A,2013-09-09 06:30,2013-09-10 06:17,1,6,
147,KAE2013WTSH013A,2013-09-09 06:55,2013-09-12 06:55,1,6,
148,KAE2013WTSH015A,2013-09-09 06:29,2013-09-10 06:36,1,6,
149,KAE2013WTSH014A,2013-09-09 06:34,2013-09-11 06:24,1,6,
150,KAE2013WTSH016A,2013-09-09 06:40,2013-09-09 06:40,0,6,
151,KAE2013WTSH017A,2013-09-09 06:45,2013-09-09 06:45,0,6,
152,KAE2013WTSH018A,2013-09-09 06:50,2013-10-01 07:30,2,6,
153,KAE2013WTSH019A,2013-09-09 06:59,2013-09-09 06:59,0,6,
154,KAE2013WTSH020A,2013-09-09 07:10,2013-09-10 08:00,1,6,
155,KAE2013WTSH001A,2013-09-30 05:00,2013-10-02 10:00,2,6,
156,KAE2013WTSH002A,2013-09-30 05:22,2013-10-01 06:25,1,6,
157,KAE2013WTSH003A,2013-09-30 05:28,2013-10-03 10:00,2,6,
158,KAE2013WTSH004A,2013-09-30 05:34,2013-10-01 05:57,1,6,
159,KAE2013WTSH005A,2013-09-30 05:46,2013-10-01 06:17,1,6,
160,KAE2013WTSH006A,2013-09-30 05:53,2013-10-02 05:03,1,6,
161,KAE2013WTSH007A,2013-09-30 05:59,2013-09-30 05:59,0,6,
162,KAE2013WTSH009A,2013-09-30 06:02,2013-10-03 05:54,1,6,
163,KAE2013WTSH010A,2013-09-30 06:05,2013-10-01 05:37,1,6,
164,KAE2013WTSH011A,2013-09-30 06:07,2013-09-30 06:07,0,6,
165,KAE2013WTSH013A,2013-09-30 06:18,2013-10-01 05:59,1,6,
166,KAE2013WTSH014A,2013-09-30 06:27,2013-09-30 06:27,0,6,
167,KAE2013WTSH015A,2013-09-30 06:36,2013-10-02 05:44,1,6,
168,KAE2013WTSH016A,2013-09-30 06:40,2013-10-01 05:29,1,6,
169,KAE2013WTSH017A,2013-09-30 06:44,2013-10-03 07:40,1,6,
170,KAE2013WTSH018A,2013-09-30 06:48,2013-10-01 05:26,1,6,
171,KAE2013WTSH019A,2013-09-30 06:53,2013-09-30 06:53,0,6,
172,KAE2013WTSH020A,2013-09-30 06:57,2013-10-03 10:00,2,6,
173,KAE2013WTSH001A,2013-08-16 05:50,2013-08-16 05:50,0,6,
174,KAE2013WTSH002A,2013-08-16 06:01,2013-08-20 06:16,1,6,
175,KAE2013WTSH003A,2013-08-16 06:10,2013-08-19 07:16,1,6,
176,KAE2013WTSH004A,2013-08-16 06:20,2013-08-16 06:20,0,6,
177,KAE2013WTSH005A,2013-08-16 06:30,2013-08-19 06:46,1,6,
178,KAE2013WTSH006A,2013-08-16 06:40,2013-08-16 06:40,0,6,
179,KAE2013WTSH007A,2013-08-16 06:50,2013-08-20 08:37,1,6,
180,KAE2013WTSH008A,2013-08-16 07:00,2013-08-16 07:00,0,6,
181,KAE2013WTSH009A,2013-08-16 07:10,2013-08-19 06:26,1,6,
182,KAE2013WTSH010A,2013-08-16 07:20,2013-08-28 07:00,2,6,
183,KAE2013WTSH011A,2013-08-16 07:30,2013-08-16 07:30,0,6,
184,KAE2013WTSH012A,2013-08-16 07:40,2013-08-16 07:40,0,6,
185,KAE2013WTSH013A,2013-08-16 07:50,2013-08-19 05:58,1,6,
186,KAE2013WTSH014A,2013-08-16 07:55,2013-08-19 07:33,1,6,
187,KAE2013WTSH015A,2013-08-16 09:00,2013-08-19 07:30,2,6,
188,KAE2013WTSH016A,2013-08-16 09:10,2013-08-16 09:10,0,6,
189,KAE2013WTSH017A,2013-08-16 09:20,2013-08-16 09:20,0,6,
190,KAE2013WTSH019A,2013-08-16 09:40,2013-08-16 09:40,0,6,
191,KAE2013WTSH020A,2013-08-16 09:59,2013-08-16 09:59,0,6,
192,KAE2013WTSH001A,2013-09-09 05:15,2013-09-10 07:52,1,6,
193,KAE2013WTSH002A,2013-09-09 05:21,2013-09-10 07:06,1,6,
194,MOK2013WTSH043A,2013-08-13 06:03,2013-08-13 06:03,0,6,
195,MOK2013WTSH006A,2013-08-13 06:19,2013-08-13 06:19,0,6,
196,MOK2013WTSH045A,2013-08-13 06:30,2013-08-15 10:20,1,6,
197,MOK2013WTSH008A,2013-08-13 06:43,2013-08-13 06:43,0,6,
198,MOK2013WTSH030A,2013-08-13 07:00,2013-08-13 07:00,0,6,
199,MOK2013WTSH029A,2013-08-13 07:11,2013-08-15 08:40,1,6,
200,MOK2013WTSH034A,2013-08-13 07:20,2013-08-17 07:35,1,6,
201,MOK2013WTSH021A,2013-08-13 07:32,2013-08-13 07:32,0,6,
202,MOK2013WTSH022A,2013-08-13 07:45,2013-08-13 07:45,0,6,
203,MOK2013WTSH017A,2013-08-13 08:04,2013-08-16 06:51,1,6,
204,MOK2013WTSH019A,2013-08-13 08:13,2013-08-21 07:35,1,6,
205,MOK2013WTSH007A,2013-08-13 08:25,2013-08-13 08:25,0,6,
206,MOK2013WTSH025A,2013-08-13 08:37,2013-08-14 20:25,1,6,
207,MOK2013WTSH039A,2013-08-13 08:48,2013-08-15 04:17,1,6,
208,MOK2013WTSH026A,2013-08-13 09:00,2013-08-16 07:50,1,6,
209,MOK2013WTSH009A,2013-08-13 09:15,2013-08-15 09:05,1,6,
210,MOK2013WTSH010A,2013-08-13 09:28,2013-08-13 09:28,0,6,
211,MOK2013WTSH040A,2013-08-13 09:37,2013-08-13 09:37,0,6,
212,MOK2013WTSH011A,2013-08-13 09:45,2013-08-16 09:35,1,6,
213,MOK2013WTSH032A,2013-08-13 09:59,2013-08-16 09:45,1,6,
214,MOK2013WTSH023A,2013-09-09 05:38,2013-09-09 05:38,0,6,
215,MOK2013WTSH005A,2013-09-09 07:14,2013-09-09 07:14,0,6,
216,MOK2013WTSH024A,2013-09-09 07:25,2013-09-09 07:25,0,6,
217,MOK2013WTSH031A,2013-09-09 07:32,2013-09-10 07:40,1,6,
218,MOK2013WTSH015A,2013-09-09 07:40,2013-09-09 07:40,0,6,
219,MOK2013WTSH001A,2013-09-09 07:47,2013-09-10 09:55,1,6,
220,MOK2013WTSH042A,2013-09-09 08:03,2013-09-10 07:15,1,6,
221,MOK2013WTSH013A,2013-09-09 08:11,2013-09-09 08:11,0,6,
222,MOK2013WTSH028A,2013-09-09 08:19,2013-09-10 10:54,1,6,
223,MOK2013WTSH943A,2013-09-09 08:29,2013-09-13 09:55,1,6,
224,MOK2013WTSH027A,2013-09-09 08:37,2013-09-13 05:55,1,6,
225,MOK2013WTSH004A,2013-09-09 08:48,2013-09-12 08:50,1,6,
226,MOK2013WTSH037A,2013-09-09 09:00,2013-09-09 09:00,0,6,
227,MOK2013WTSH012A,2013-09-09 09:05,2013-09-12 06:40,1,6,
228,MOK2013WTSH003A,2013-09-09 09:28,2013-09-12 15:15,1,6,
229,MOK2013WTSH016A,2013-09-09 09:38,2013-09-10 06:50,1,6,
230,MOK2013WTSH018A,2013-09-09 09:59,2013-09-09 09:59,0,6,
231,MOK2013WTSH014A,2013-09-09 10:10,2013-09-10 11:18,1,6,
232,MOK2013WTSH041A,2013-09-09 10:15,2013-09-10 11:10,1,6,
233,MOK2013WTSH002A,2013-09-09 10:25,2013-09-09 10:25,0,6,
234,MOK2013WTSH050A,2013-09-27 05:39,2013-09-27 05:39,0,6,
235,MOK2013WTSH052A,2013-09-27 06:24,2013-09-28 06:50,1,6,
236,MOK2013WTSH066A,2013-09-27 06:38,2013-09-28 13:48,1,6,
237,MOK2013WTSH065A,2013-09-27 07:29,2013-09-27 07:29,0,6,
238,MOK2013WTSH056A,2013-09-27 07:29,2013-09-27 07:29,0,6,
239,MOK2013WTSH067A,2013-09-27 07:43,2013-09-28 07:00,1,6,
240,MOK2013WTSH060A,2013-09-27 08:09,2013-09-27 08:09,0,6,
241,MOK2013WTSH057A,2013-09-27 08:22,2013-09-27 08:22,0,6,
242,MOK2013WTSH053A,2013-09-27 08:32,2013-10-02 06:32,1,6,
243,MOK2013WTSH061A,2013-09-27 08:42,2013-09-27 08:42,0,6,
244,MOK2013WTSH063A,2013-09-27 08:51,2013-09-27 08:51,0,6,
245,MOK2013WTSH051A,2013-09-27 09:26,2013-09-28 06:50,1,6,
246,MOK2013WTSH054A,2013-09-27 09:33,2013-09-28 07:20,1,6,
247,MOK2013WTSH064A,2013-09-27 09:40,2013-09-28 07:35,1,6,
248,MOK2013WTSH069A,2013-09-27 09:46,2013-09-27 09:46,0,6,
249,MOK2013WTSH068A,2013-09-27 10:19,2013-09-27 10:19,0,6,
250,MOK2013WTSH055A,2013-09-27 10:25,2013-09-27 10:25,0,6,
251,MOK2013WTSH062A,2013-09-27 10:42,2013-09-27 10:42,0,6,
252,MOK2013WTSH059A,2013-09-27 10:50,2013-09-27 10:50,0,6,
253,MOK2013WTSH058A,2013-09-27 11:19,2013-09-27 11:19,0,6,
255,LAW2014WTSH012A,2014-08-27 10:08,2014-08-27 10:08,0,6,
256,LAW2014WTSH014A,2014-08-27 10:46,2014-08-27 10:46,0,6,
257,LAW2014WTSH016A,2014-08-27 11:03,2014-08-27 11:03,0,6,
258,LAW2014WTSH001A,2014-08-27 06:07,2014-09-01 06:56,1,6,
259,LAW2014WTSH002A,2014-08-27 06:32,2014-09-01 09:32,1,6,
260,LAW2014WTSH003A,2014-08-27 07:02,2014-09-01 06:40,1,6,
261,LAW2014WTSH004A,2014-08-27 07:19,2014-09-03 08:11,1,6,
262,LAW2014WTSH005A,2014-08-27 07:38,2014-09-01 08:33,1,6,
263,LAW2014WTSH006A,2014-08-27 08:29,2014-08-27 08:29,0,6,
264,LAW2014WTSH007A,2014-08-27 08:29,2014-09-01 10:30,1,6,
265,LAW2014WTSH008A,2014-08-27 08:47,2014-09-03 05:43,1,6,
266,LAW2014WTSH009A,2014-08-27 09:00,2014-09-03 05:50,1,6,
267,LAW2014WTSH010A,2014-08-27 09:33,2014-09-01 09:22,1,6,
268,LAW2014WTSH011A,2014-08-27 09:50,2014-09-03 07:55,1,6,
269,LAW2014WTSH021A,2014-10-02 05:46,2014-10-06 13:00,6,1,LAW_WTSH_021_30018_A10348_100114
270,LAW2014WTSH022A,2014-10-02 06:07,2014-10-07 12:03,6,1,LAW_WTSH_022_30019_A10367_100114
271,LAW2014WTSH023A,2014-10-02 07:53,2014-10-02 07:53,6,0,
272,LAW2014WTSH024A,2014-10-02 07:03,2014-10-09 11:42,6,1,LAW_WTSH_024_30021_A10315_100114
273,LAW2014WTSH025A,2014-10-02 07:13,2014-10-05 10:05,6,1,LAW_WTSH_025_30022_A10359_100114
274,LAW2014WTSH026A,2014-10-02 07:33,2014-10-02 07:33,6,0,
275,LAW2014WTSH027A,2014-10-02 07:47,2014-10-05 08:46,6,1,LAW_WTSH_027_30024_A10356_100114
276,LAW2014WTSH028A,2014-10-02 07:54,2014-10-05 09:02,6,1,LAW_WTSH_028_30025_A10353_100114
277,LAW2014WTSH029A,2014-10-02 08:05,2014-10-02 08:05,6,0,
278,LAW2014WTSH030A,2014-10-02 08:31,2014-10-02 08:31,6,0,
279,LAW2014WTSH031A,2014-10-02 08:33,2014-10-02 08:33,6,0,
280,LAW2014WTSH032A,2014-10-02 08:41,2014-10-02 08:41,6,0,
281,LAW2014WTSH033A,2014-10-02 08:54,2014-10-02 08:54,6,0,
282,LAW2014WTSH034A,2014-10-02 09:38,2014-10-02 09:38,6,0,
283,LAW2014WTSH035A,2014-10-02 10:09,2014-10-05 08:23,6,3,
284,LAW2014WTSH018A,2014-08-27 11:45,2014-09-01 05:38,4,6,
285,LAW2014WTSH020A,2014-08-27 12:25,2014-09-01 08:09,1,6,
286,LAW2014WTSH015A,2014-08-27 10:53,2014-09-01 08:25,1,6,
287,LAW2014WTSH013A,2014-08-27 10:36,2014-09-02 07:48,1,6,
288,LAW2014WTSH019A,2014-08-27 12:10,2014-09-02 10:02,1,6,
289,LAW2014WTSH017A,2014-08-27 11:30,2014-09-06 06:55,1,6,
290,LEH2014RTTR094A,2014-06-14 21:12,2014-06-16 20:33,1,1,LEH2014RTTR094_A10373_061614
291,LEH2014RTTR106A,2014-07-16 20:47,2014-07-16 20:47,0,6,
292,LEH2014RTTR098A,2014-07-16 21:59,2014-07-16 21:59,0,0,
293,LEH2014RTTR070A,2014-07-16 00:56,2014-07-20 02:27,1,6,
294,LEH2014WTSH001A,2014-09-04 05:52,2014-09-04 05:52,0,6,
295,LEH2014WTSH002A,2014-09-04 06:09,2014-09-04 06:09,0,6,
296,LEH2014WTSH003A,2014-09-04 06:23,2014-09-04 06:23,0,6,
297,LEH2014WTSH004A,2014-09-04 06:29,2014-09-12 11:15,1,6,
298,LEH2014WTSH005A,2014-09-04 06:41,2014-09-11 10:25,1,6,
299,LEH2014WTSH006A,2014-09-04 06:53,2014-09-04 06:53,0,6,
300,LEH2014WTSH007A,2014-09-04 07:01,2014-09-04 07:01,0,6,
301,LEH2014WTSH008A,2014-09-04 07:15,2014-09-13 12:15,1,6,
302,LEH2014WTSH009A,2014-09-04 07:30,2014-09-09 06:46,1,6,
303,LEH2014WTSH010A,2014-09-04 07:42,2014-09-09 09:24,1,6,
304,LEH2014WTSH011A,2014-09-04 07:53,2014-09-04 07:53,0,6,
305,LEH2014WTSH012A,2014-09-04 08:10,2014-09-04 08:10,0,6,
306,LEH2014WTSH013A,2014-09-04 08:30,2014-09-04 08:30,0,6,
307,LEH2014WTSH014A,2014-09-04 08:40,2014-09-04 08:40,0,6,
308,LEH2014WTSH015A,2014-09-04 08:52,2014-09-11 12:15,1,6,
309,LEH2014WTSH016A,2014-09-04 09:03,2014-09-04 09:03,0,6,
310,LEH2014WTSH017A,2014-09-04 09:10,2014-09-04 09:10,0,6,
311,LEH2014WTSH018A,2014-09-04 09:30,2014-09-12 06:43,1,6,
312,LEH2014WTSH019A,2014-09-04 09:45,2014-09-11 06:40,1,6,
313,LEH2014WTSH020A,2014-09-04 10:06,2014-09-04 10:06,0,6,
314,LEH2014RTTR043A,2014-05-14 22:25,2014-05-17 01:35,1,6,
315,LEH2014RTTR040A,2014-06-13 23:36,2014-06-15 20:30,2,1,LEH2014RTTR040_A10363_061514
316,LEH2014RTTR003A,2014-06-14 03:50,2014-06-16 19:38,1,1,LEH2014RTTR003_A10356_061614
317,LEH2014RTTR048A,2014-06-14 04:41,2014-06-15 21:07,1,1,LEH2014RTTR048_A10357_061514
318,LEH2014RTTR036A,2014-06-14 04:57,2014-06-15 21:19,2,6,
319,LEH2014RTTR057A,2014-06-14 22:30,2014-06-17 19:36,1,1,LEH2014RTTR057_A10355_061714
320,LEH2014RTTR104A,2014-07-15 00:47,2014-07-19 00:58,1,1,LEH2014RTTR104A_A10379_071814
321,LEH2014RTTR017A,2014-07-15 22:15,2014-07-18 20:41,1,1,LEH2014RTTR017A_A10360_071814
322,LEH2014RTTR036B,2014-07-15 22:46,2014-07-18 20:10,1,1,LEH2014RTTR036B_A10372_071814
323,LEH2014RTTR103A,2014-07-17 00:19,2014-07-20 00:11,1,6,
324,LEH2014RTTR008A,2014-06-14 21:51,2014-06-16 21:10,2,1,LEH2014RTTR008_A10344_061614
325,LEH2014RTTR025A,2014-06-14 01:29,2014-06-18 20:24,1,1,LEH2014RTTR025_A10372_061814
326,LEH2014RTTR090A,2014-06-14 20:12,2014-06-17 21:19,1,1,LEH2014RTTR090_A10379_061714
327,LEH2014RTTR060A,2014-06-14 21:45,2014-06-16 20:10,2,1,LEH2014RTTR060_A10359_061614
328,LEH2014RTTR054A,2014-06-15 00:23,2014-06-15 00:23,0,0,
329,LEH2014RTTR088A,2014-06-15 05:16,2014-06-16 20:49,1,1,LEH2014RTTR088_A10353_061614
330,LEH2014RTTR071A,2014-06-15 22:48,2014-06-15 22:48,0,0,
331,LEH2014RTTR079A,2014-06-16 00:00,2014-06-17 00:35,2,1,LEH2014RTTR079_A10319_061614
332,LEH2014RTTR014A,2014-07-15 00:00,2014-07-20 19:35,1,1,LEH2014RTTR014A_A10343_072014
333,LEH2014RTTR062A,2014-07-15 01:05,2014-07-21 02:34,1,6,
334,LEH2014RTTR004A,2014-07-15 03:12,2014-07-15 03:12,0,6,
335,LEH2014RTTR078A,2014-07-15 20:27,2014-07-17 19:53,1,1,LEH2014RTTR078A_A10361_071714
336,LEH2014RTTR105A,2014-07-15 21:05,2014-07-18 20:20,2,6,
337,LEH2014RTTR081A,2014-07-15 21:40,2014-07-15 21:40,0,0,
338,LEH2014RTTR072A,2014-07-15 22:07,2014-07-17 22:36,1,1,LEH2014RTTR072A_A10345_071714
339,LEH2014RFBO041A,2014-07-15 05:40,2014-07-20 06:55,1,1,LEH2014RFBO041A_A10315_071914
340,LEH2014BRBO005A,2014-05-16 18:12,2014-05-19 04:14,1,1,LEH_BRBO_005_10710_A10354_051814
341,LEH2014RFBO004A,2014-05-15 01:42,2014-05-17 16:50,1,1,LEH_RFBO_004_07121_A10363_051714
342,LEH2014RFBO006A,2014-05-15 02:15,2014-05-17 17:19,3,1,LEH_RFBO_006_07122_A10359_051714
343,LEH2014RFBO008A,2014-05-15 04:08,2014-05-18 17:00,1,1,LEH_RFBO_008_07123_A10360_051814
344,LEH2014RFBO010A,2014-05-15 04:40,2014-05-18 17:45,1,1,LEH_RFBO_010_07124_A10361_051814
345,LEH2014RFBO015A,2014-06-14 08:43,2014-06-17 17:39,1,1,LEH2014RFBO015_A10315_061714
346,LEH2014RFBO018A,2014-06-14 09:15,2014-06-17 07:52,1,1,LEH2014RFBO018_A10348_061614
347,LEH2014RFBO020A,2014-06-14 09:36,2014-06-16 18:08,1,1,LEH2014RFBO020_A10367_061614
348,LEH2014RFBO030A,2014-06-15 08:24,2014-06-18 17:24,1,1,LEH2014RFBO030_A10312_061814
349,LEH2014RFBO001A,2014-05-14 05:00,2014-05-18 00:58,1,1,LEH_RFBO_001_07131_A10366_051714
350,LEH2014RFBO002A,2014-05-14 05:32,2014-05-16 06:50,3,1,LEH_RFBO_002_07132_A10365_051514
351,LEH2014RFBO005A,2014-05-15 02:10,2014-05-17 05:55,1,1,LEH_RFBO_005_07133_A10362_051614
352,LEH2014RFBO007A,2014-05-15 04:07,2014-05-18 17:10,1,1,LEH_RFBO_007_07134_A10358_051814
353,LEH2014RFBO009A,2014-05-15 04:55,2014-05-18 17:19,1,1,LEH_RFBO_009_07135_A10357_051814
354,LEH2014RFBO016A,2014-06-14 08:48,2014-06-17 08:34,1,1,LEH2014RFBO016_A10354_061614
355,LEH2014RFBO029A,2014-06-15 08:04,2014-07-19 08:40,4,1,LEH2014RFBO029A_A10318_071714
356,LEH2014RFBO021A,2014-06-14 18:00,2014-06-18 07:33,1,1,LEH2014RFBO021_A10387_061714
357,LEH2014RFBO022A,2014-06-14 18:37,2014-06-17 18:08,2,1,LEH2014RFBO022_A10350_061714
358,LEH2014RFBO026A,2014-06-14 19:01,2014-06-18 17:24,4,1,LEH2014RFBO026_A10349_061814
359,LEH2014RFBO025A,2014-06-14 19:26,2014-06-18 07:45,1,1,LEH2014RFBO025_A10347_061714
360,LEH2014RFBO023A,2014-06-14 20:41,2014-06-17 17:53,3,1,LEH2014RFBO023_A10346_061714
361,LEH2014RFBO027A,2014-06-14 21:10,2014-06-18 16:22,1,1,LEH2014RFBO027_A10345_061814
362,LEH2014RFBO028A,2014-06-15 08:50,2014-06-15 08:50,0,0,
363,LEH2014RFBO024A,2014-06-15 07:55,2014-06-17 18:16,1,1,LEH2014RFBO024_A10313_061714
364,LEH2014RFBO017A,2014-06-14 09:12,2014-06-16 18:00,1,1,LEH2014RFBO017_A10317_061614
365,LEH2014RFBO019A,2014-06-14 09:36,2014-06-17 08:10,1,1,LEH2014RFBO019_A10361_061614
366,LEH2014RFBO026B,2014-07-15 19:32,2014-07-19 07:50,1,1,LEH2014RFBO026B_A10347_071814
367,LEH2014RFBO038A,2014-07-15 19:10,2014-07-19 08:10,1,1,LEH2014RFBO038A_A10356_071814
368,LEH2014RFBO037A,2014-07-15 08:06,2014-07-19 08:17,1,1,LEH2014RFBO037A_A10319_071814
369,LEH2014RFBO036A,2014-07-15 07:40,2014-07-19 08:35,1,1,LEH2014RFBO036A_A10363_071814
370,LEH2014RFBO035A,2014-07-15 07:17,2014-07-18 07:45,1,1,LEH2014RFBO035A_A10354_071714
371,LEH2014RFBO034A,2014-07-15 06:51,2014-07-18 07:26,1,1,LEH2014RFBO034A_A10359_071714
372,LEH2014RFBO033A,2014-07-15 06:35,2014-07-19 07:51,5,1,LEH2014RFBO033A_A10340_071814
373,LEH2014RFBO032A,2014-07-15 05:59,2014-07-19 06:57,1,1,LEH2014RFBO032A_A10355_071814
374,LEH2014RFBO031A,2014-07-15 05:37,2014-07-19 07:20,1,1,LEH2014RFBO031A_A10313_071814
375,LEH2014RFBO042A,2014-07-15 06:04,2014-07-18 07:22,1,1,LEH2014RFBO042A_A10348_071714
376,LEH2014RFBO005B,2014-07-15 06:22,2014-07-19 06:54,1,1,LEH2014RFBO005B_A10367_071814
377,LEH2014RFBO043A,2014-07-15 06:44,2014-07-19 07:20,1,1,LEH2014RFBO043A_A10387_071814
378,LEH2014RFBO021B,2014-07-15 07:23,2014-07-18 07:57,1,1,LEH2014RFBO021B_A10344_071714
379,LEH2014RFBO044A,2014-07-15 07:42,2014-07-18 08:18,3,1,LEH2014RFBO044A_A10317_071714
380,LEH2014RFBO045A,2014-07-15 08:11,2014-07-20 16:13,1,1,LEH2014RFBO045A_A10362_072014
381,LEH2014RFBO025B,2014-07-15 08:41,2014-07-18 08:43,1,1,LEH2014RFBO025B_A10353_071714
382,LEH2014RFBO046A,2014-07-15 18:28,2014-07-19 09:06,1,5,
383,LEH2014RFBO047A,2014-07-15 19:09,2014-07-20 07:13,1,1,LEH2014RFBO047A_A10350_071914
384,LEH2014RFBO048A,2014-07-16 17:20,2014-07-20 07:10,1,1,LEH2014RFBO048A_A10323_071914
385,LEH2014BRBO006A,2014-05-17 04:34,2014-05-17 04:34,0,0,
386,LEH2014RFBO014A,2014-06-14 08:14,2014-06-17 07:41,1,1,LEH2014RFBO014_A10314_061614
387,LEH2014RFBO012A,2014-06-14 07:43,2014-06-17 07:20,1,1,LEH2014RFBO012_A10371_061614
388,LEH2014BRBO007A,2014-05-16 18:50,2014-05-19 03:52,1,1,LEH_BRBO_007_24337_A10356_051814
389,LEH2014BRBO004A,2014-05-16 04:17,2014-05-18 05:15,1,1,LEH_BRBO_004_24338_A10355_051714
390,LEH2014BRBO003A,2014-05-16 03:30,2014-05-18 04:45,3,1,LEH_BRBO_003_24339_A10323_051714
391,LEH2014BRBO002A,2014-05-16 03:05,2014-05-18 05:35,1,1,LEH_BRBO_002_24340_A10317_051714
392,LEH2014BRBO001A,2014-05-16 02:02,2014-05-18 05:07,1,1,LEH_BRBO_001_24341_A10322_051714
393,LEH2014RFBO003A,2014-05-14 06:05,2014-05-18 17:24,3,1,LEH_RFBO_003_24342_A10364_051814
394,LEH2014BRBO018A,2014-06-15 04:28,2014-06-15 04:28,0,0,
395,LEH2014BRBO016A,2014-06-15 03:50,2014-06-15 03:50,0,0,
396,LEH2014BRBO014A,2014-06-15 03:02,2014-06-17 04:05,1,1,LEH2014BRBO014_A10340_061614
397,LEH2014BRBO012A,2014-06-15 02:26,2014-06-18 17:43,1,1,LEH2014BRBO012_A10341_061814
398,LEH2014BRBO010A,2014-06-15 01:43,2014-06-17 03:00,1,1,LEH2014BRBO010_A10343_061614
399,LEH2014RFBO011A,2014-06-14 07:36,2014-06-16 17:21,1,1,LEH2014RFBO011_A10362_061614
401,LEH2014RFBO013A,2014-06-14 08:20,2014-06-16 17:46,1,1,LEH2014RFBO013_A10323_061614
402,LEH2014BRBO011A,2014-06-15 01:48,2014-06-17 03:12,1,1,LEH2014BRBO011_A10365_061614
403,LEH2014BRBO013A,2014-06-15 02:24,2014-06-15 02:24,0,0,
404,LEH2014BRBO019A,2014-06-15 03:50,2014-06-17 04:25,1,1,LEH2014BRBO019_A10358_061614
405,LEH2014BRBO017A,2014-06-15 03:16,2014-06-17 04:03,1,1,LEH2014BRBO017_A10366_061614
406,LEH2014BRBO015A,2014-06-15 02:49,2014-06-17 04:49,1,1,LEH2014BRBO015_A10360_061614
407,LEH2014BRBO025A,2014-07-16 20:03,2014-07-18 19:37,1,6,
408,LEH2014BRBO024A,2014-07-16 05:36,2014-07-19 03:48,1,1,LEH2014BRBO024A_A10349_071814
409,LEH2014BRBO023A,2014-07-16 04:39,2014-07-18 04:50,1,1,LEH2014BRBO023A_A10365_071714
410,LEH2014BRBO022A,2014-07-16 04:00,2014-07-18 05:11,1,1,LEH2014BRBO022A_A10312_071714
411,LEH2014BRBO021A,2014-07-16 03:05,2014-07-18 01:52,1,1,LEH2014BRBO021A_A10358_071714
412,LEH2014BRBO026A,2014-07-16 03:22,2014-07-18 03:25,1,1,LEH2014BRBO026A_A10369_071714
413,LEH2014BRBO027A,2014-07-16 03:55,2014-07-16 03:55,0,0,
414,LEH2014BRBO028A,2014-07-16 04:31,2014-07-18 02:20,1,4,
415,LEH2014BRBO029A,2014-07-16 05:38,2014-07-18 01:38,1,1,LEH2014BRBO029A_A10341_071714
416,QBA2014WTSH001A,2014-09-15 05:49,2014-09-15 05:49,0,6,
417,QBA2014WTSH002A,2014-09-15 06:06,2014-09-15 06:06,0,6,
418,QBA2014WTSH003A,2014-09-15 06:15,2014-09-15 06:15,0,6,
419,QBA2014WTSH004A,2014-09-15 06:36,2014-09-15 06:36,0,6,
420,QBA2014WTSH005A,2014-09-15 06:48,2014-09-15 06:48,0,6,
421,QBA2014WTSH006A,2014-09-15 07:07,2014-09-15 07:07,0,6,
422,QBA2014WTSH007A,2014-09-15 07:23,2014-09-22 09:20,1,6,
423,QBA2014WTSH008A,2014-09-15 07:33,2014-09-21 09:21,1,6,
424,QBA2014WTSH009A,2014-09-15 08:45,2014-09-28 15:32,1,6,
425,QBA2014WTSH010A,2014-09-15 09:08,2014-09-27 10:51,2,6,
426,QBA2014WTSH011A,2014-09-15 09:23,2014-09-15 09:23,0,6,
427,QBA2014WTSH012A,2014-09-15 09:32,2014-09-26 11:09,1,6,
428,QBA2014WTSH013A,2014-09-15 09:49,2014-09-15 09:49,0,6,
429,QBA2014WTSH014A,2014-09-15 10:09,2014-09-24 12:05,1,6,
430,QBA2014WTSH015A,2014-09-15 10:25,2014-09-24 07:01,1,6,
431,QBA2014WTSH016A,2014-09-15 10:41,2014-09-15 10:41,0,6,
432,QBA2014WTSH017A,2014-09-15 10:55,2014-09-26 09:45,2,6,
433,QBA2014WTSH018A,2014-09-15 11:10,2014-09-28 15:45,1,6,
434,QBA2014WTSH019A,2014-09-15 11:21,2014-09-22 09:08,1,6,
435,QBA2014WTSH020A,2014-09-15 11:32,2014-09-27 09:00,2,6,
436,HAW2014WTSH011A,2014-10-09 08:39,2014-10-14 11:38,4,6,
437,HAW2014WTSH021A,2014-10-09 09:16,2014-10-14 10:35,6,1,HAW_WTSH_021_24403_A10369_101414
438,HAW2014WTSH047A,2014-10-09 07:06,2014-10-09 07:06,0,6,
439,HAW2014WTSH013A,2014-10-09 08:24,2014-10-09 08:24,0,6,
440,HAW2014WTSH028A,2014-10-09 05:35,2014-10-14 09:05,1,6,
441,HAW2014WTSH041A,2014-10-09 06:05,2014-10-15 05:31,1,6,
442,HAW2014WTSH014A,2014-10-09 06:42,2014-10-09 06:42,0,6,
443,HAW2014WTSH052A,2014-10-09 05:22,2014-10-09 05:22,0,6,
444,HAW2014WTSH024A,2014-10-09 09:05,2014-10-14 11:33,6,1,HAW_WTSH_024_05790_A10341_101414
445,HAW2014WTSH050A,2014-10-09 06:05,2014-10-14 06:26,1,6,
446,HAW2014WTSH051A,2014-10-09 06:14,2014-10-09 06:14,0,6,
447,HAW2014WTSH032A,2014-10-09 06:22,2014-10-09 06:22,0,6,
448,HAW2014WTSH026A,2014-10-09 06:49,2014-10-15 06:35,1,6,
449,HAW2014WTSH025A,2014-10-09 06:59,2014-10-16 10:33,1,6,
450,HAW2014WTSH031A,2014-10-09 07:14,2014-10-14 08:32,4,6,
451,HAW2014WTSH003A,2014-10-09 07:38,2014-10-14 11:10,1,6,
452,HAW2014WTSH027A,2014-10-09 08:01,2014-10-15 11:05,4,6,
453,HAW2014WTSH055A,2014-10-09 08:10,2014-10-09 08:10,0,6,
454,HAW2014WTSH012A,2014-10-09 08:17,2014-10-09 08:17,0,6,
455,HAW2014WTSH010A,2014-10-09 08:32,2014-10-09 08:32,0,6,
456,HAW2014WTSH043A,2014-10-09 08:48,2014-10-15 10:03,1,6,
457,HAW2014WTSH023A,2014-10-09 08:56,2014-10-09 08:56,0,6,
458,HAW2014WTSH044A,2014-10-09 09:01,2014-10-17 06:04,6,3,
459,HAW2014WTSH007A,2014-10-09 09:10,2014-10-15 09:07,6,1,HAW_WTSH_007_02182_A10346_101414
460,HAW2014WTSH045A,2014-10-09 09:14,2014-10-17 08:03,6,1,HAW_WTSH_045_02183_A10349_101614
461,HAW2014WTSH015A,2014-10-09 09:19,2014-10-14 09:34,6,3,
462,HAW2014WTSH040A,2014-10-09 09:22,2014-10-15 06:00,6,1,HAW_WTSH_040_02185_A10358_101414
463,HAW2014WTSH049A,2014-10-09 09:25,2014-10-09 09:25,6,6,
464,HOO2014WTSH050A,2014-09-11 08:26,2014-09-24 07:06,1,6,
465,HOO2014WTSH047A,2014-09-11 08:11,2014-09-11 08:11,0,6,
466,HOO2014WTSH048A,2014-09-11 06:22,2014-09-11 06:22,0,6,
467,HOO2014WTSH042A,2014-09-11 06:52,2014-09-25 06:01,2,6,
468,HOO2014WTSH039A,2014-09-11 08:18,2014-09-11 08:18,0,6,
469,HOO2014WTSH014A,2014-09-11 07:46,2014-09-24 05:28,4,6,
470,HOO2014WTSH027A,2014-09-11 07:29,2014-09-21 09:57,4,6,
471,HOO2014WTSH018A,2014-09-11 09:14,2014-09-11 09:14,6,0,
472,HOO2014WTSH025A,2014-09-11 08:37,2014-09-24 06:40,6,5,
473,HOO2014WTSH024A,2014-09-11 06:11,2014-09-11 06:11,0,6,
474,HOO2014WTSH056A,2014-09-11 08:50,2014-09-11 08:50,6,0,
475,HOO2014WTSH003A,2014-09-11 07:18,2014-09-18 09:49,2,6,
476,HOO2014WTSH038A,2014-09-11 06:59,2014-09-21 08:20,2,6,
477,HOO2014WTSH036A,2014-09-11 07:38,2014-09-11 07:38,0,6,
478,HOO2014WTSH040A,2014-09-11 08:46,2014-09-21 05:17,6,1,HOO_WTSH_040_24650_A10319_092014
479,HOO2014WTSH030A,2014-09-11 09:06,2014-09-23 07:17,6,5,
480,HOO2014WTSH013A,2014-09-11 06:31,2014-09-11 06:31,0,6,
481,HOO2014WTSH011A,2014-09-11 05:42,2014-09-11 05:42,0,6,
482,HOO2014WTSH021A,2014-09-11 07:08,2014-09-11 07:08,0,6,
483,HOO2014WTSH029A,2014-09-11 08:32,2014-09-20 09:50,6,1,HOO_WTSH_029_28077_A10369_091914
484,HOO2014WTSH016A,2014-09-11 09:11,2014-09-17 10:07,6,1,HOO_WTSH_016_28103_A10349_091714
485,HOO2014WTSH010A,2014-09-11 05:33,2014-09-19 08:16,2,6,
486,HOO2014WTSH004A,2014-09-11 05:23,2014-09-11 05:23,0,6,
487,HOO2014WTSH026A,2014-09-11 06:01,2014-09-11 06:01,0,6,
488,HOO2014WTSH009A,2014-09-11 06:41,2014-09-11 06:41,0,6,
489,HOO2014WTSH049A,2014-09-11 07:55,2014-09-19 06:21,2,6,
490,HOO2014WTSH053A,2014-09-11 08:03,2014-09-11 08:03,0,6,
491,HOO2014WTSH012A,2014-09-11 08:41,2014-09-11 08:41,6,0,
492,HOO2014WTSH034A,2014-09-11 08:54,2014-09-11 08:54,6,0,
493,HOO2014WTSH019A,2014-09-11 09:03,2014-09-24 06:52,6,1,HOO_WTSH_019_02167_A10365_092314
494,KAM2014WTSH057A,2014-08-20 07:26,2014-08-27 09:28,5,6,
495,KAM2014WTSH075A,2014-08-20 08:49,2014-08-20 08:49,0,6,
496,KAM2014WTSH018A,2014-08-20 08:00,2014-08-25 10:11,1,6,
497,KAM2014WTSH081A,2014-08-20 09:06,2014-08-27 08:45,2,6,
498,KAM2014WTSH035A,2014-08-20 08:43,2014-08-25 05:49,1,6,
499,KAM2014WTSH076A,2014-08-20 07:34,2014-08-28 06:38,1,6,
500,KAM2014WTSH070A,2014-08-20 07:17,2014-08-25 10:29,1,6,
501,KAM2014WTSH056A,2014-08-20 08:34,2014-08-20 08:34,0,6,
502,KAM2014WTSH069A,2014-08-20 06:05,2014-08-20 06:05,0,6,
503,KAM2014WTSH017A,2014-08-20 05:50,2014-08-20 05:50,0,6,
504,KAM2014WTSH062A,2014-08-20 06:26,2014-08-28 07:35,1,6,
505,KAM2014WTSH080A,2014-08-20 06:36,2014-08-27 07:30,2,6,
506,KAM2014WTSH053A,2014-08-20 06:47,2014-08-20 06:47,0,6,
507,KAM2014WTSH063A,2014-08-20 06:57,2014-08-20 06:57,0,6,
508,KAM2014WTSH055A,2014-08-20 07:09,2014-08-20 07:09,0,6,
509,KAM2014WTSH060A,2014-08-20 07:44,2014-08-25 07:24,1,6,
510,KAM2014WTSH059A,2014-08-20 07:52,2014-08-20 07:52,0,6,
511,KAM2014WTSH078A,2014-08-20 08:13,2014-08-25 07:28,1,6,
512,KAM2014WTSH064A,2014-08-20 08:24,2014-08-26 06:14,1,6,
513,KAM2014WTSH026A,2014-08-20 09:00,2014-08-20 09:00,0,6,
514,HAL2014RTTR007A,2014-04-22 07:22,2014-04-22 07:22,0,0,
515,HAL2014RTTR022A,2014-04-22 07:54,2014-04-22 07:54,0,0,
516,HAL2014RTTR016A,2014-04-22 07:38,2014-04-26 10:00,2,2,
517,HAL2014RTTR021A,2014-04-22 08:00,2014-04-22 08:00,0,0,
518,HAL2014RTTR035A,2014-04-22 08:33,2014-04-24 01:00,2,2,
519,HAL2014RTTR051A,2014-04-22 09:03,2014-04-26 10:00,2,6,
520,HAL2014RTTR039A,2014-04-22 09:15,2014-04-22 09:15,0,6,
521,HAL2014RTTR039A,2014-04-25 10:00,2014-04-25 10:00,2,6,
522,HAL2014RTTR036A,2014-04-22 09:20,2014-04-26 10:00,2,6,
523,HAL2014RTTR000A,2014-04-22 09:35,2014-04-22 09:35,0,6,
524,KAE2014WTSH126A,2014-09-14 08:25,2014-09-28 07:00,6,1,Kae_WTSH_126_05757_TDR_A10330_092714
525,KAE2014WTSH002A,2014-08-16 06:10,2014-08-20 08:00,1,6,
526,KAE2014WTSH005A,2014-08-16 06:56,2014-09-28 06:46,2,6,
527,KAE2014WTSH019A,2014-08-16 08:41,2014-08-20 07:25,1,6,
528,KAE2014WTSH013A,2014-08-16 07:57,2014-08-16 07:57,0,6,
529,KAE2014WTSH014A,2014-08-16 08:06,2014-08-20 06:36,1,6,
530,KAE2014WTSH015A,2014-08-16 08:10,2014-08-16 08:10,0,6,
531,KAE2014WTSH016A,2014-08-16 08:20,2014-09-28 08:10,2,6,
532,KAE2014WTSH017A,2014-08-16 08:30,2014-08-20 06:45,1,6,
533,KAE2014WTSH018A,2014-08-16 08:33,2014-08-20 07:04,1,6,
534,KAE2014WTSH020A,2014-08-16 08:55,2014-08-20 07:00,1,6,
535,KAE2014WTSH101A,2014-09-14 05:35,2014-09-14 05:35,0,6,
536,KAE2014WTSH102A,2014-09-14 05:45,2014-09-14 05:45,0,6,
537,KAE2014WTSH104A,2014-09-14 05:54,2014-09-14 05:54,0,6,
538,KAE2014WTSH106A,2014-09-14 06:04,2014-09-14 06:04,0,6,
539,KAE2014WTSH108A,2014-09-14 06:10,2014-09-18 05:53,5,6,
540,KAE2014WTSH103A,2014-09-14 06:14,2014-09-14 06:14,0,6,
541,KAE2014WTSH105A,2014-09-14 06:18,2014-09-14 06:18,0,6,
542,KAE2014WTSH109A,2014-09-14 06:23,2014-09-14 06:23,0,6,
543,KAE2014WTSH110A,2014-09-14 06:25,2014-09-14 06:25,0,6,
544,KAE2014WTSH111A,2014-09-14 06:28,2014-09-14 06:28,0,6,
545,KAE2014WTSH113A,2014-09-14 06:32,2014-09-14 06:32,0,6,
546,KAE2014WTSH115A,2014-09-14 06:44,2014-09-28 05:13,1,6,
547,KAE2014WTSH112A,2014-09-14 06:40,2014-09-14 06:40,0,6,
548,KAE2014WTSH114A,2014-09-14 06:48,2014-09-14 06:48,0,6,
549,KAE2014WTSH116A,2014-09-14 06:52,2014-09-14 06:52,0,6,
550,KAE2014WTSH117A,2014-09-14 07:05,2014-09-28 05:32,1,6,
551,KAE2014WTSH107A,2014-09-14 07:15,2014-09-14 07:15,0,6,
552,KAE2014WTSH120A,2014-09-14 07:09,2014-09-28 06:09,5,6,
553,KAE2014WTSH119A,2014-09-14 07:28,2014-09-14 07:28,0,6,
554,KAE2014WTSH118A,2014-09-14 07:32,2014-09-28 05:36,2,6,
555,KAE2014WTSH122A,2014-09-14 07:41,2014-09-14 07:41,6,0,
556,KAE2014WTSH123A,2014-09-14 07:44,2014-09-14 07:44,6,0,
557,KAE2014WTSH121A,2014-09-14 07:54,2014-09-14 07:54,6,0,
558,KAE2014WTSH125A,2014-09-14 07:59,2014-09-14 07:59,6,0,
559,KAE2014WTSH124A,2014-09-14 08:04,2014-09-14 08:04,6,0,
560,KAE2014WTSH001A,2014-08-16 05:58,2014-08-21 06:51,1,6,
561,KAE2014WTSH004A,2014-08-16 06:42,2014-08-16 06:42,0,6,
562,KAE2014WTSH003A,2014-08-16 06:08,2014-08-16 06:08,0,6,
563,KAE2014WTSH006A,2014-08-16 06:57,2014-08-20 06:41,1,6,
564,KAE2014WTSH004B,2014-08-16 07:06,2014-08-20 07:21,1,6,
565,KAE2014WTSH008A,2014-08-16 07:18,2014-08-16 07:18,0,6,
566,KAE2014WTSH009A,2014-08-16 07:21,2014-08-21 06:01,1,6,
567,KAE2014WTSH010A,2014-08-16 07:27,2014-08-16 07:27,0,6,
568,KAE2014WTSH011A,2014-08-16 07:33,2014-08-21 07:02,1,6,
569,KAE2014WTSH012A,2014-08-16 07:44,2014-08-22 07:25,1,6,
570,MCB2014WTSH012A,2014-08-16 07:10,2014-08-26 12:50,1,6,
571,MCB2014WTSH014A,2014-08-16 07:20,2014-08-16 07:20,0,6,
572,MCB2014WTSH011A,2014-08-16 07:25,2014-08-16 07:25,0,6,
573,MCB2014WTSH019A,2014-08-16 07:30,2014-08-24 07:00,5,6,
574,MCB2014WTSH015A,2014-08-16 07:40,2014-08-16 07:40,0,6,
575,MCB2014WTSH004A,2014-08-16 07:40,2014-08-21 10:05,1,6,
576,MCB2014WTSH009A,2014-08-16 07:55,2014-08-26 06:07,2,6,
577,MCB2014WTSH002A,2014-08-16 08:10,2014-08-24 09:20,1,6,
578,MCB2014WTSH013A,2014-08-16 08:15,2014-08-16 08:15,0,6,
579,MCB2014WTSH017A,2014-08-16 08:35,2014-08-16 08:35,0,6,
580,MCB2014WTSH006A,2014-08-16 08:20,2014-08-16 08:20,0,6,
581,MCB2014WTSH016A,2014-08-16 08:50,2014-08-20 09:47,5,6,
582,MCB2014WTSH020A,2014-08-16 09:00,2014-08-21 10:15,1,6,
583,MCB2014WTSH003A,2014-08-16 09:10,2014-08-23 09:00,1,6,
584,MCB2014WTSH010A,2014-08-16 09:10,2014-08-16 09:10,0,6,
585,MCB2014WTSH001A,2014-08-16 09:20,2014-08-16 09:20,0,6,
586,MCB2014WTSH018A,2014-08-16 09:30,2014-08-26 10:55,5,6,
587,MCB2014WTSH008A,2014-08-16 09:40,2014-08-24 12:05,2,6,
588,MCB2014WTSH007A,2014-08-16 09:45,2014-08-16 09:45,0,6,
589,MCB2014WTSH005A,2014-08-16 09:50,2014-08-25 11:55,5,6,
590,MCB2014WTSH048A,2014-09-13 05:59,2014-09-13 05:59,0,6,
591,MCB2014WTSH042A,2014-09-13 06:16,2014-09-22 06:05,1,6,
592,MCB2014WTSH044A,2014-09-13 06:19,2014-09-13 06:19,0,6,
593,MCB2014WTSH046A,2014-09-13 06:50,2014-09-21 05:46,1,6,
594,MCB2014WTSH049A,2014-09-13 06:43,2014-09-16 09:41,1,6,
595,MCB2014WTSH050A,2014-09-13 07:07,2014-09-13 07:07,0,6,
596,MCB2014WTSH053A,2014-09-13 07:45,2014-09-17 11:40,1,6,
597,MCB2014WTSH051A,2014-09-13 07:58,2014-09-18 07:20,1,6,
598,MCB2014WTSH052A,2014-09-13 08:10,2014-09-13 08:10,0,6,
599,MCB2014WTSH043A,2014-09-13 08:24,2014-09-13 08:24,0,6,
600,MCB2014WTSH047A,2014-09-13 08:26,2014-09-13 08:26,0,6,
601,MCB2014WTSH045A,2014-09-13 08:40,2014-09-13 08:40,0,6,
602,MCB2014WTSH041A,2014-09-13 08:45,2014-09-16 10:50,1,6,
603,MCB2014WTSH054A,2014-09-13 09:07,2014-09-13 09:07,0,6,
604,MCB2014WTSH057A,2014-09-13 09:30,2014-09-13 09:30,0,6,
605,MCB2014WTSH058A,2014-09-13 09:40,2014-09-13 09:40,0,6,
606,MCB2014WTSH059A,2014-09-13 09:45,2014-09-13 09:45,0,6,
607,MCB2014WTSH055A,2014-09-13 09:50,2014-09-13 09:50,0,6,
608,MCB2014WTSH056A,2014-09-13 10:20,2014-09-13 10:20,0,6,
609,MCB2014WTSH060A,2014-09-13 11:26,2014-09-13 11:26,0,6,
610,MCB2014WTSH061A,2014-09-13 12:11,2014-09-13 12:11,0,6,
611,MCB2014WTSH062A,2014-09-13 12:56,2014-09-13 12:56,0,6,
612,MCB2014RFBO031A,2014-06-02 04:30,2014-06-06 06:03,5,1,RFBO_MCB_636_07102_A10329_060114
613,MCB2014RFBO021A,2014-06-02 04:45,2014-06-02 04:45,0,0,
614,MCB2014RFBO034A,2014-06-02 04:48,2014-06-06 06:25,3,1,RFBO_MCB_742_07104_A10331_060114
615,MCB2014RFBO013A,2014-06-02 04:55,2014-06-05 05:23,1,1,RFBO_MCB_23_07105_A10332_060114
616,MCB2014RFBO011A,2014-06-02 04:55,2014-06-06 06:10,1,1,RFBO_MCB_15_07106_A10333_060114
617,MCB2014RFBO023A,2014-06-02 05:05,2014-06-07 06:52,1,1,RFBO_MCB_240_07107_A10330_060114
618,MCB2014RFBO017A,2014-06-02 05:05,2014-06-05 06:52,1,1,RFBO_MCB_110_07108_A10334_060114
619,MCB2014RFBO035A,2014-06-02 05:15,2014-06-06 04:44,1,1,RFBO_MCB_751_07109_A10335_060114
620,MCB2014RFBO015A,2014-06-02 05:15,2014-06-06 05:24,1,1,RFBO_MCB_39_07110_A10337_060114
621,MCB2014RFBO028A,2014-06-02 05:25,2014-06-05 06:15,1,1,RFBO_MCB_421_07111_A10338_060114
622,MCB2014RFBO016A,2014-06-02 05:44,2014-06-02 05:44,0,0,
623,MCB2014RFBO027A,2014-06-02 05:45,2014-06-05 04:48,1,1,RFBO_MCB_416_07113_A10375_060114
624,MCB2014RFBO012A,2014-06-02 05:55,2014-06-05 05:10,1,1,RFBO_MCB_22_07114_A10377_060114
625,MCB2014RFBO025A,2014-06-02 05:55,2014-06-02 05:55,0,0,
626,MCB2014RFBO014A,2014-06-02 06:01,2014-06-05 05:00,1,1,RFBO_MCB_24_07116_A10380_060114
627,MCB2014RFBO029A,2014-06-02 06:01,2014-06-05 05:51,1,1,RFBO_MCB_441_07117_A10381_060114
628,MCB2014RFBO033A,2014-06-02 06:13,2014-06-05 06:23,1,1,RFBO_MCB_671_07118_A10382_060114
629,MCB2014RFBO030A,2014-06-02 06:13,2014-06-06 04:33,1,1,RFBO_MCB_509_07119_A10384_060114
630,MCB2014RFBO020A,2014-06-02 06:20,2014-06-05 06:37,1,5,
631,MCB2014RFBO019A,2014-06-02 06:20,2014-06-05 06:44,1,1,RFBO_MCB_117_24307_A10386_060114
632,MCB2014RFBO032A,2014-06-02 06:50,2014-06-06 05:11,1,6,
633,MCB2014RFBO018A,2014-06-02 06:50,2014-06-02 06:50,0,6,
634,MCB2014RFBO036A,2014-06-02 07:02,2014-06-08 04:30,1,6,
635,MCB2014RFBO043A,2014-06-05 10:05,2014-06-08 04:15,1,1,RFBO_MCB_117r_24315_A10377_060414
636,MCB2014RFBO040A,2014-06-05 09:59,2014-06-05 09:59,0,0,
637,MCB2014RFBO047A,2014-06-05 09:50,2014-06-08 04:38,1,1,RFBO_MCB_441r_24317_A10380_060414
638,MCB2014RFBO042A,2014-06-05 09:48,2014-06-07 04:29,5,1,RFBO_MCB_110r_24318_A10381_060414
639,MCB2014RFBO039A,2014-06-05 09:40,2014-06-07 06:16,1,1,RFBO_MCB_22r_24320_A10338_060414
640,MCB2014RFBO045A,2014-06-05 09:35,2014-06-07 05:56,1,1,RFBO_MCB_416r_24320_A10334_060414
641,MCB2014RFBO024A,2014-06-02 07:02,2014-06-07 06:05,1,6,
642,MCB2014RFBO022A,2014-06-02 07:12,2014-06-06 05:01,1,6,
643,MCB2014RFBO038A,2014-06-02 07:12,2014-06-06 06:44,1,6,
644,MCB2014RFBO026A,2014-06-02 07:25,2014-06-06 04:21,1,6,
645,MCB2014RFBO037A,2014-06-02 07:22,2014-06-05 06:02,5,6,
646,MCB2014RFBO010A,2014-06-02 07:30,2014-06-06 05:38,1,6,
647,MCB2014RFBO044A,2014-06-05 09:00,2014-06-07 04:59,1,1,RFBO_MCB_138r_24327_A10382_060414
648,MCB2014RFBO046A,2014-06-05 09:08,2014-06-07 04:49,1,1,RFBO_MCB_421r_24328_A10386_060414
649,MCB2014RFBO041A,2014-06-05 09:28,2014-06-07 04:36,1,1,RFBO_MCB_24r_24329_A10375_060414
650,MCB2014RFBO048A,2014-06-05 09:21,2014-06-07 06:35,1,1,RFBO_MCB_671r_24330_A10332_060414
651,MOK2014WTSH101A,2014-08-14 06:09,2014-08-18 08:15,1,6,
652,MOK2014WTSH102A,2014-08-14 06:21,2014-08-24 06:30,1,6,
653,MOK2014WTSH103A,2014-08-14 06:36,2014-08-14 06:36,0,6,
654,MOK2014WTSH104A,2014-08-14 06:50,2014-08-24 06:40,1,6,
655,MOK2014WTSH105A,2014-08-14 07:04,2014-08-18 09:15,1,6,
656,MOK2014WTSH107A,2014-08-14 07:35,2014-08-19 12:16,1,6,
657,MOK2014WTSH106A,2014-08-14 07:24,2014-08-14 07:24,0,6,
658,MOK2014WTSH108A,2014-08-14 08:03,2014-08-14 08:03,0,6,
659,MOK2014WTSH109A,2014-08-14 08:15,2014-08-18 05:54,1,6,
660,MOK2014WTSH110A,2014-08-14 08:34,2014-08-14 08:34,0,6,
661,MOK2014WTSH111A,2014-08-14 08:45,2014-08-14 08:45,0,6,
662,MOK2014WTSH112A,2014-08-14 08:57,2014-08-14 08:57,0,6,
663,MOK2014WTSH113A,2014-08-14 09:09,2014-08-18 06:05,1,6,
664,MOK2014WTSH114A,2014-08-14 09:22,2014-08-18 07:33,1,6,
665,MOK2014WTSH115A,2014-08-14 09:38,2014-08-14 09:38,0,6,
666,MOK2014WTSH116A,2014-08-14 09:50,2014-08-18 08:05,1,6,
667,MOK2014WTSH117A,2014-08-14 10:03,2014-08-20 06:17,1,6,
668,MOK2014WTSH118A,2014-08-14 10:18,2014-08-19 11:24,1,6,
669,MOK2014WTSH119A,2014-08-14 10:27,2014-08-24 07:30,1,6,
670,MOK2014WTSH120A,2014-08-14 10:43,2014-08-14 10:43,0,6,
671,MOK2014WTSH018A,2014-09-11 06:07,2014-09-11 06:07,0,6,
672,MOK2014WTSH002A,2014-09-11 06:41,2014-09-11 06:41,0,6,
673,MOK2014WTSH023A,2014-09-11 08:57,2014-09-26 14:08,6,1,MOK_WTSH_023_TDR_A10331_091014
674,MOK2014WTSH012A,2014-09-11 07:49,2014-09-11 07:49,0,6,
675,MOK2014WTSH010A,2014-09-11 07:55,2014-09-16 08:48,1,6,
676,MOK2014WTSH009A,2014-09-11 08:10,2014-09-11 08:10,0,6,
677,MOK2014WTSH003A,2014-09-11 08:18,2014-09-11 08:18,0,6,
678,MOK2014WTSH013A,2014-09-11 08:26,2014-09-11 08:26,0,6,
679,MOK2014WTSH007A,2014-09-11 08:33,2014-09-11 08:33,0,6,
680,MOK2014WTSH017A,2014-09-11 08:37,2014-09-11 08:37,0,6,
681,MOK2014WTSH020A,2014-09-11 08:50,2014-09-23 05:55,1,6,
682,MOK2014WTSH008A,2014-09-11 09:18,2014-09-11 09:18,0,6,
683,MOK2014WTSH006A,2014-09-11 09:30,2014-09-11 09:30,0,6,
684,MOK2014WTSH011A,2014-09-11 10:15,2014-09-11 10:15,0,6,
685,MOK2014WTSH001A,2014-09-11 10:29,2014-09-22 07:10,1,6,
686,MOK2014WTSH015A,2014-09-11 10:59,2014-09-11 10:59,0,6,
687,MOK2014WTSH014A,2014-09-12 06:44,2014-09-12 06:44,0,6,
688,MOK2014WTSH016A,2014-09-12 07:53,2014-09-12 07:53,0,6,
689,MOK2014WTSH019A,2014-09-12 08:15,2014-09-12 08:15,0,6,
690,MOK2014WTSH005A,2014-09-12 09:00,2014-09-12 09:00,0,6,
691,MOK2014WTSH004A,2014-09-12 09:50,2014-09-12 09:50,0,6,
692,MOC2015PFSH101A,2015-03-20 09:05,2015-03-27 01:28,1,6,
693,MOC2015PFSH102A,2015-03-19 04:04,2015-03-19 04:04,0,0,
694,MOC2015PFSH103A,2015-03-19 02:04,2015-03-19 02:04,0,0,
695,MOC2015PFSH105A,2015-03-18 07:09,2015-03-28 06:19,1,5,
696,MOC2015PFSH111A,2015-03-19 03:16,2015-03-24 02:38,1,1,MOC2015PFSH111_A10382_032315.CSV
697,MOC2015PFSH114A,2015-03-20 08:29,2015-03-27 03:24,1,6,
698,MOC2015PFSH116A,2015-03-18 01:59,2015-03-29 06:15,1,5,
699,MOC2015PFSH117A,2015-03-20 05:17,2015-03-25 04:34,2,6,
700,MOC2015PFSH119A,2015-03-18 02:43,2015-03-29 08:10,1,5,
701,MOC2015PFSH122A,2015-03-18 08:39,2015-03-23 00:42,1,1,MOC2015PFSH122_A10334_032415.CSV
702,MOC2015PFSH123A,2015-03-19 01:49,2015-03-28 02:21,1,1,MOC2015PFSH123_A10386_032715.CSV
703,MOC2015PFSH126A,2015-03-19 03:38,2015-03-26 05:28,1,1,MOC2015PFSH126_A10335_032615.CSV
704,MOC2015PFSH127A,2015-03-18 06:41,2015-03-26 04:51,1,5,
705,MOC2015PFSH129A,2015-03-19 07:48,2015-03-26 03:41,1,6,
706,MOC2015PFSH130A,2015-03-19 07:50,2015-03-25 04:17,1,1,MOC2015PFSH130_A10377_032515.CSV
707,MOC2015PFSH131A,2015-03-20 03:48,2015-03-20 03:48,0,6,
708,MOC2015PFSH132A,2015-03-20 04:55,2015-03-24 01:02,1,1,MOC2015PFSH132_A10375_032315.CSV
709,MOC2015PFSH133A,2015-03-20 09:25,2015-03-20 09:25,0,6,
710,MOC2015PFSH134A,2015-03-20 09:42,2015-03-20 09:42,0,6,
711,MOC2015PFSH135A,2015-03-19 07:28,2015-03-24 01:41,1,5,
712,MOC2015PFSH138A,2015-03-19 04:40,2015-03-26 06:02,1,5,
713,MOC2015PFSH141A,2015-03-19 08:13,2015-03-25 05:52,1,5,
714,MOC2015PFSH143A,2015-03-20 07:22,2015-03-27 01:12,1,6,
715,MOC2015PFSH144A,2015-03-18 02:57,2015-03-23 01:30,1,5,
716,MOC2015PFSH146A,2015-03-19 05:24,2015-03-19 05:24,0,0,
717,HAL2015RTTR001,2015-05-06 21:15,2015-05-28 10:00,2,6,
718,HAL2015RTTR004,2015-05-06 20:05,2015-05-11 20:50,1,6,
719,HAL2015RTTR007,2015-04-16 22:10,2015-04-21 21:10,1,6,
720,HAL2015RTTR008,2015-04-16 20:55,2015-04-21 21:20,1,6,
721,HAL2015RTTR020A,2015-05-06 20:35,2015-05-11 21:40,1,6,
722,HAL2015RTTR020B,2015-05-06 20:40,2015-05-18 23:40,3,6,
723,HAL2015RTTR022,2015-04-16 21:20,2015-04-16 21:20,2,6,
724,HAL2015RTTR030,2015-05-11 22:10,2015-05-11 22:10,0,6,
725,HAL2015RTTR031,2015-05-06 22:15,2015-05-20 10:00,2,6,
726,HAL2015RTTR035,2015-04-16 21:55,2015-04-16 21:55,2,6,
727,HAL2015RTTR037,2015-05-06 22:30,2015-05-15 00:30,3,6,
728,HAL2015RTTR041,2015-05-11 22:35,2015-05-19 00:45,1,6,
729,HAL2015RTTR047,2015-05-06 20:55,2015-05-14 23:45,1,6,
730,HAL2015RTTR051,2015-04-16 23:10,2015-04-21 23:10,1,6,
731,HAL2015RTTR061,2015-05-06 22:50,2015-05-19 01:00,1,6,
732,HAW2015WTSH002,2015-08-19 08:27,2015-09-01 09:38,2,6,
733,HAW2015WTSH004,2015-09-17 08:32,2015-09-30 10:11,2,6,
734,HAW2015WTSH006,2015-08-19 06:23,2015-08-23 10:35,1,6,
735,HAW2015WTSH007,2015-08-19 08:36,2015-08-19 08:36,0,6,
736,HAW2015WTSH008,2015-08-19 07:14,2015-08-29 07:07,2,6,
737,HAW2015WTSH010,2015-08-19 08:44,2015-09-02 06:45,1,6,
738,HAW2015WTSH011,2015-09-17 06:16,2015-09-22 10:19,1,6,
739,HAW2015WTSH014,2015-08-19 09:05,2015-08-23 07:42,1,6,
740,HAW2015WTSH015,2015-08-19 07:22,2015-08-27 08:47,1,6,
741,HAW2015WTSH017,2015-08-19 07:42,2015-08-23 11:33,1,6,
742,HAW2015WTSH018A,2015-09-17 06:21,2015-09-29 09:12,1,6,
743,HAW2015WTSH018B,2015-09-17 06:40,2015-09-29 09:02,2,6,
744,HAW2015WTSH019,2015-09-17 06:10,2015-09-29 05:55,0,6,
745,HAW2015WTSH020,2015-08-19 06:35,2015-08-23 08:25,1,6,
746,HAW2015WTSH027A,2015-09-17 08:02,2015-09-23 07:30,5,6,
747,HAW2015WTSH027B,2015-09-17 09:08,2015-09-21 12:03,1,6,
748,HAW2015WTSH028,2015-09-17 06:34,2015-09-27 09:28,2,6,
749,HAW2015WTSH029,2015-09-17 05:58,2015-09-17 05:58,0,6,
750,HAW2015WTSH030,2015-08-19 07:05,2015-08-19 07:05,0,6,
751,HAW2015WTSH031,2015-08-19 08:26,2015-09-03 09:30,6,1,HAW_WTSH_031_27898_A12392_081815
752,HAW2015WTSH033,2015-09-17 07:00,2015-09-21 08:05,2,6,
753,HAW2015WTSH034A,2015-08-19 06:10,2015-08-23 07:10,2,6,
754,HAW2015WTSH034B,2015-08-19 07:32,2015-08-19 07:32,0,6,
755,HAW2015WTSH035,2015-09-17 07:10,2015-09-22 05:13,6,5,
756,HAW2015WTSH036,2015-08-19 05:51,2015-08-19 05:51,0,6,
757,HAW2015WTSH038,2015-09-17 09:34,2015-09-23 06:23,6,5,
758,HAW2015WTSH040,2015-09-17 08:38,2015-09-17 08:38,0,6,
759,HAW2015WTSH041,2015-09-17 09:14,2015-09-17 09:14,0,6,
760,HAW2015WTSH042,2015-09-17 06:28,2015-09-30 06:17,2,6,
761,HAW2015WTSH044,2015-08-19 06:15,2015-08-23 06:39,6,1,HAW_WTSH_044_24439_A12405_081815
762,HAW2015WTSH045,2015-09-17 06:54,2015-09-29 05:34,1,6,
763,HAW2015WTSH046,2015-08-19 05:36,2015-08-19 05:36,0,6,
764,HAW2015WTSH048,2015-09-17 08:51,2015-09-23 12:00,1,6,
765,HAW2015WTSH049,2015-09-17 09:23,2015-09-17 09:23,0,6,
766,HAW2015WTSH050,2015-08-19 06:56,2015-08-23 07:39,1,6,
767,HAW2015WTSH051,2015-08-19 06:47,2015-08-23 06:52,1,6,
768,HAW2015WTSH052,2015-08-19 07:51,2015-08-19 07:51,0,6,
769,HAW2015WTSH053,2015-08-19 08:02,2015-09-01 08:16,6,1,HAW_WTSH_053_08224_A12409_081815
770,HAW2015WTSH054A,2015-08-19 08:08,2015-09-17 09:18,6,5,
771,HAW2015WTSH054B,2015-08-19 08:15,2015-08-24 11:10,1,6,
772,HAW2015WTSH055,2015-08-19 08:24,2015-08-19 08:24,6,0,
773,HAW2015WTSH056,2015-08-19 08:54,2015-08-19 08:54,0,6,
774,HAW2015WTSH057,2015-08-19 09:14,2015-08-23 06:10,1,6,
775,HAW2015WTSH210,2015-09-17 06:45,2015-09-22 10:05,1,6,
776,HAW2015WTSH215,2015-09-17 06:04,2015-10-01 09:00,2,6,
777,HAW2015WTSH230,2015-09-17 09:42,2015-09-23 07:00,6,5,
778,HAW2015WTSH236,2015-09-17 09:38,2015-09-21 10:01,1,6,
779,HAW2015WTSH246,2015-09-17 07:47,2015-10-01 11:34,2,6,
780,HOO2015WTSH001,2015-09-16 08:06,2015-09-27 05:17,2,6,
781,HOO2015WTSH005,2015-09-16 06:48,2015-09-30 09:24,2,6,
782,HOO2015WTSH008,2015-09-16 07:38,2015-09-25 06:19,1,6,
783,HOO2015WTSH010,2015-09-16 06:43,2015-09-16 06:43,0,6,
784,HOO2015WTSH012,2015-09-16 06:27,2015-09-22 07:40,1,6,
785,HOO2015WTSH014,2015-09-16 08:26,2015-09-20 09:10,6,5,
786,HOO2015WTSH015,2015-09-16 05:48,2015-09-16 05:48,0,6,
787,HOO2015WTSH016,2015-09-16 07:21,2015-09-21 09:34,3,6,
788,HOO2015WTSH020,2015-09-16 07:43,2015-09-22 10:09,1,6,
789,HOO2015WTSH021,2015-09-16 07:08,2015-09-29 05:15,2,6,
790,HOO2015WTSH025,2015-09-16 07:57,2015-09-20 05:58,1,6,
791,HOO2015WTSH027,2015-09-16 07:33,2015-09-27 07:49,2,6,
792,HOO2015WTSH028,2015-09-16 05:56,2015-09-16 05:56,0,6,
793,HOO2015WTSH030,2015-09-16 08:18,2015-09-27 07:08,2,6,
794,HOO2015WTSH034,2015-09-16 06:37,2015-09-16 06:37,0,6,
795,HOO2015WTSH036,2015-09-16 06:15,2015-09-22 06:57,3,6,
796,HOO2015WTSH037,2015-09-16 05:38,2015-09-16 05:38,0,6,
797,HOO2015WTSH038,2015-09-16 07:01,2015-09-22 09:35,6,5,
798,HOO2015WTSH042,2015-09-16 06:10,2015-09-20 08:34,6,5,
799,HOO2015WTSH043,2015-09-16 06:33,2015-09-22 04:45,1,6,
800,HOO2015WTSH045,2015-09-16 06:04,2015-09-26 09:36,1,6,
801,HOO2015WTSH046,2015-09-16 06:20,2015-09-20 05:48,1,6,
802,HOO2015WTSH047,2015-09-16 06:53,2015-09-22 05:18,1,6,
803,KAE2015WTSH001A,2015-08-18 05:40,2015-08-23 06:15,1,6,
804,KAE2015WTSH002A,2015-08-18 05:58,2015-08-18 05:58,0,6,
805,KAE2015WTSH003A,2015-08-18 05:42,2015-08-18 05:42,0,6,
806,KAE2015WTSH004A,2015-08-18 05:50,2015-08-30 06:30,2,6,
807,KAE2015WTSH005A,2015-08-18 06:04,2015-08-18 06:04,0,6,
808,KAE2015WTSH006A,2015-08-18 06:02,2015-08-29 05:24,1,6,
809,KAE2015WTSH007A,2015-08-18 06:18,2015-08-18 06:18,0,6,
810,KAE2015WTSH008A,2015-08-18 06:20,2015-08-25 06:35,1,6,
811,KAE2015WTSH009A,2015-08-18 06:22,2015-08-29 05:24,1,6,
812,KAE2015WTSH010A,2015-08-18 06:30,2015-08-26 07:58,1,6,
813,KAE2015WTSH011A,2015-08-18 06:27,2015-08-29 05:50,2,6,
814,KAE2015WTSH012A,2015-08-18 06:46,2015-08-30 06:29,1,6,
815,KAE2015WTSH013A,2015-08-18 06:35,2015-08-23 06:17,1,6,
816,KAE2015WTSH014A,2015-08-18 06:40,2015-08-26 06:26,1,6,
817,KAE2015WTSH015A,2015-08-18 06:58,2015-08-18 06:58,0,6,
818,KAE2015WTSH016A,2015-08-18 07:02,2015-08-18 07:02,0,6,
819,KAE2015WTSH017A,2015-08-18 06:55,2015-08-18 06:55,0,6,
820,KAE2015WTSH018A,2015-08-18 07:07,2015-08-25 05:55,1,6,
821,KAE2015WTSH019A,2015-08-18 07:12,2015-08-23 06:20,1,6,
822,KAE2015WTSH020A,2015-08-18 07:20,2015-08-24 05:55,6,1,KAE2015WTSH020A_08172015_A12420
823,KAE2015WTSH021A,2015-08-18 07:19,2015-08-18 07:19,0,6,
824,KAE2015WTSH022A,2015-08-18 07:25,2015-08-23 06:29,6,1,KAE2015WTSH022A_08172015_A12389
825,KAE2015WTSH023A,2015-08-18 07:30,2015-08-18 07:30,6,0,
826,KAE2015WTSH024A,2015-08-18 07:45,2015-08-18 07:45,6,0,
827,KAE2015WTSH025A,2015-08-18 07:35,2015-08-18 07:35,6,0,
828,KAE2015WTSH026A,2015-08-18 07:40,2015-08-18 07:40,6,0,
829,KAE2015WTSH027A,2015-08-18 07:50,2015-08-18 07:50,6,0,
830,KAE2015WTSH028A,2015-08-18 07:55,2015-08-23 06:09,6,1,KAE2015WTSH028A_08172015_A12396
831,KAE2015WTSH029A,2015-08-18 08:04,2015-08-18 08:04,6,0,
832,KAE2015WTSH030A,2015-08-18 08:00,2015-08-30 09:35,6,1,KAE2015WTSH030A_08172015_A12402
833,KAM2015WTSH012,2015-08-18 09:25,2015-08-25 08:01,6,1,KAM_WTSH_012_24255_A12406_081715
834,KAM2015WTSH013,2015-08-18 09:39,2015-08-23 09:23,1,6,
835,KAM2015WTSH014,2015-08-18 09:32,2015-08-24 08:05,2,6,
836,KAM2015WTSH018,2015-08-18 07:30,2015-08-30 10:09,2,6,
837,KAM2015WTSH022,2015-08-18 08:04,2015-08-30 07:52,2,6,
838,KAM2015WTSH024,2015-08-18 05:59,2015-08-23 08:12,1,6,
839,KAM2015WTSH026A,2015-08-18 07:06,2015-08-25 11:05,1,6,
840,KAM2015WTSH026B,2015-08-18 07:22,2015-08-24 10:00,6,1,KAM_WTSH_026_24247_A12376_081715
841,KAM2015WTSH027,2015-08-18 07:42,2015-08-24 11:43,2,6,
842,KAM2015WTSH032,2015-08-18 07:58,2015-08-23 07:28,1,6,
843,KAM2015WTSH033,2015-08-18 07:18,2015-08-31 09:40,1,6,
844,KAM2015WTSH051,2015-08-18 09:49,2015-08-24 09:12,6,1,KAM_WTSH_051_27727_A12365_081715
845,KAM2015WTSH052,2015-08-18 07:49,2015-08-29 08:42,2,6,
846,KAM2015WTSH055,2015-08-18 06:58,2015-08-29 08:02,1,6,
847,KAM2015WTSH058,2015-08-18 06:26,2015-08-29 09:15,1,6,
848,KAM2015WTSH061,2015-08-18 06:08,2015-08-25 07:40,1,6,
849,KAM2015WTSH063,2015-08-18 05:51,2015-09-01 09:32,1,6,
850,KAM2015WTSH071,2015-08-18 05:40,2015-08-26 08:04,6,1,KAM_WTSH_071_21978_A12380_081715
851,KAM2015WTSH073,2015-08-18 08:25,2015-08-30 09:40,1,6,
852,KAM2015WTSH074,2015-08-18 09:00,2015-08-31 08:38,1,6,
853,KAM2015WTSH077,2015-08-18 06:14,2015-08-24 08:17,6,1,KAM_WTSH_077_05964_A12370_081715
854,KAM2015WTSH078,2015-08-18 07:37,2015-08-18 07:37,0,6,
855,KAM2015WTSH080,2015-08-18 09:46,2015-08-18 09:46,0,6,
856,KAM2015WTSH083,2015-08-18 08:15,2015-08-18 08:15,0,6,
857,KAM2015WTSH084,2015-08-18 08:47,2015-08-29 07:35,2,6,
858,KPA2015WTSH001A,2015-08-20 07:02,2015-09-03 10:08,2,6,
859,KPA2015WTSH003A,2015-08-20 10:45,2015-09-01 08:41,2,6,
860,KPA2015WTSH004A,2015-08-20 08:49,2015-08-25 07:59,1,6,
861,KPA2015WTSH005A,2015-08-21 09:08,2015-08-25 09:56,6,1,KPA_WTSH_005_27168_A12410_082015
862,KPA2015WTSH006A,2015-08-20 09:19,2015-08-31 08:51,2,6,
863,KPA2015WTSH007A,2015-08-20 06:15,2015-09-03 08:02,2,6,
864,KPA2015WTSH007B,2015-08-20 10:53,2015-08-25 06:54,6,1,KPA_WTSH_007_27156_A12414_081915
865,KPA2015WTSH008A,2015-08-21 09:01,2015-08-27 05:53,6,1,KPA_WTSH_008_27167_A12385_082015
866,KPA2015WTSH009A,2015-08-20 06:04,2015-09-05 06:13,2,6,
867,KPA2015WTSH010A,2015-08-21 07:39,2015-08-25 05:51,6,1,KPA_WTSH_010_27162_A12388_082015
868,KPA2015WTSH012A,2015-08-20 07:30,2015-09-05 06:04,2,6,
869,KPA2015WTSH013A,2015-08-20 09:46,2015-08-29 10:17,1,6,
870,KPA2015WTSH014A,2015-08-20 07:48,2015-08-31 11:22,1,6,
871,KPA2015WTSH015A,2015-08-20 09:05,2015-09-04 09:02,2,6,
872,KPA2015WTSH016A,2015-08-21 07:54,2015-08-30 06:11,6,1,KPA_WTSH_016_27164_A12382_082015
873,KPA2015WTSH018A,2015-08-20 08:04,2015-09-02 05:36,2,6,
874,KPA2015WTSH019A,2015-08-19 10:00,2015-09-03 10:45,2,6,
875,KPA2015WTSH020A,2015-08-20 06:30,2015-08-29 09:24,1,6,
876,KPA2015WTSH021A,2015-08-20 10:19,2015-09-09 05:42,2,6,
877,KPA2015WTSH021B,2015-08-20 10:25,2015-08-26 05:45,6,1,KPA_WTSH_021_27154_A12404_081915
878,KPA2015WTSH022A,2015-08-21 07:48,2015-08-26 10:45,6,1,KPA_WTSH_022_27163_A12395_082015
879,KPA2015WTSH023A,2015-08-20 09:33,2015-08-20 09:33,0,6,
880,KPA2015WTSH024A,2015-08-21 06:24,2015-09-01 06:21,6,4,
881,KPA2015WTSH025A,2015-08-20 06:47,2015-08-25 06:09,6,1,KPA_WTSH_025_27142_A12377_081915
882,KPA2015WTSH025B,2015-08-20 07:20,2015-09-02 05:52,1,6,
883,KPA2015WTSH026A,2015-08-21 07:33,2015-09-01 07:10,2,6,
884,KPA2015WTSH028A,2015-08-20 11:14,2015-09-01 10:39,1,6,
885,KPA2015WTSH029A,2015-08-21 08:29,2015-09-02 07:48,6,1,KPA_WTSH_029_27165_A12398_082015
886,KPA2015WTSH031A,2015-08-21 07:05,2015-08-25 07:46,4,6,
887,KPA2015WTSH032A,2015-08-21 07:18,2015-08-28 09:23,1,6,
888,KPA2015WTSH104A,2015-09-13 12:08,2015-09-13 12:08,0,6,
889,KPA2015WTSH105A,2015-09-13 12:22,2015-09-18 05:28,6,1,KPA_WTSH_105_27188_A12410_091215
890,KPA2015WTSH106A,2015-09-13 12:16,2015-09-16 06:19,6,5,
891,KPA2015WTSH109A,2015-09-13 09:24,2015-09-13 09:24,0,6,
892,KPA2015WTSH112A,2015-09-13 06:12,2015-09-16 06:19,1,6,
893,KPA2015WTSH118A,2015-09-13 06:26,2015-09-26 08:37,1,6,
894,KPA2015WTSH120A,2015-09-13 07:05,2015-09-16 09:32,1,6,
895,KPA2015WTSH120B,2015-09-14 06:20,2015-09-18 07:03,6,1,KPA_WTSH_120_27193_A12414_091315
896,KPA2015WTSH122A,2015-09-13 13:10,2015-09-16 09:39,6,5,
897,KPA2015WTSH125A,2015-09-13 11:41,2015-09-13 11:41,0,6,
898,KPA2015WTSH128A,2015-09-13 05:40,2015-09-13 05:40,0,6,
899,KPA2015WTSH128B,2015-09-14 05:34,2015-09-17 07:29,6,5,
900,KPA2015WTSH129A,2015-09-13 10:27,2015-09-13 10:27,0,6,
901,KPA2015WTSH129B,2015-09-13 12:32,2015-09-16 06:34,6,1,KPA_WTSH_129_27189_A12404_091215
902,KPA2015WTSH130A,2015-09-13 07:19,2015-09-20 07:35,1,6,
903,KPA2015WTSH130B,2015-09-13 10:34,2015-09-16 05:43,6,5,
904,KPA2015WTSH133A,2015-09-13 09:38,2015-09-16 11:36,1,6,
905,KPA2015WTSH136A,2015-09-12 10:09,2015-09-28 06:12,1,6,
906,KPA2015WTSH141A,2015-09-13 08:31,2015-09-18 06:21,1,6,
907,KPA2015WTSH144A,2015-09-13 08:04,2015-09-13 08:04,0,6,
908,KPA2015WTSH145A,2015-09-13 08:16,2015-09-17 07:42,1,6,
909,KPA2015WTSH149A,2015-09-13 07:44,2015-10-01 14:47,1,6,
910,KPA2015WTSH150A,2015-09-13 08:50,2015-09-16 06:44,1,6,
911,KPA2015WTSH151A,2015-09-13 09:05,2015-09-16 05:22,1,6,
912,KPA2015WTSH152A,2015-09-13 09:55,2015-09-20 13:53,1,6,
913,KPA2015WTSH153A,2015-09-13 10:49,2015-09-23 11:17,1,6,
914,KPA2015WTSH154A,2015-09-13 11:29,2015-09-13 11:29,0,6,
915,KPA2015WTSH155A,2015-09-14 05:44,2015-09-18 07:11,6,1,KPA_WTSH_155_27192_A12388_091315
916,KPA2015WTSH156A,2015-09-14 06:30,2015-10-01 05:35,6,5,
917,LEH2015BRBO001A,2015-05-27 00:01,2015-05-31 21:20,1,1,LEH2015BRBO001A_A12387_053115
918,LEH2015BRBO002A,2015-05-27 01:33,2015-05-31 19:39,1,1,LEH2015BRBO002A_A12388_053115
919,LEH2015BRBO003A,2015-05-27 02:04,2015-05-31 19:08,3,1,LEH2015BRBO003A_A12389_053115
920,LEH2015BRBO004A,2015-05-27 03:22,2015-06-02 03:32,3,1,LEH2015BRBO004A_A12392_060115
921,LEH2015BRBO005A,2015-05-27 03:47,2015-06-02 04:38,1,1,LEH2015BRBO005A_A12386_060115
922,LEH2015BRBO006A,2015-05-27 04:06,2015-06-03 05:16,1,1,LEH2015BRBO006A_A12385_060215
923,LEH2015BRBO007A,2015-05-27 04:23,2015-05-27 04:23,0,0,
924,LEH2015BRBO008A,2015-05-27 04:39,2015-05-27 04:39,0,0,
925,LEH2015BRBO009A,2015-05-28 00:57,2015-06-29 00:01,2,1,LEH2015BRBO009A_A12365_062815
926,LEH2015BRBO010A,2015-05-28 01:16,2015-06-02 03:54,1,6,
927,LEH2015BRBO011A,2015-05-28 01:46,2015-06-03 03:25,1,6,
928,LEH2015BRBO012A,2015-05-28 02:03,2015-06-02 04:09,5,6,
929,LEH2015BRBO013A,2015-05-28 03:57,2015-06-03 18:23,1,1,LEH2015BRBO013A_A12408_060315
930,LEH2015BRBO014A,2015-05-28 04:30,2015-06-02 04:08,1,1,LEH2015BRBO014A_A12409_060115
931,LEH2015BRBO014B,2015-06-28 04:42,2015-07-04 04:49,1,1,LEH2015BRBO014B_A12366_070315
932,LEH2015BRBO015A,2015-05-28 04:51,2015-06-29 02:53,1,1,LEH2015BRBO015A_A12410_062815
933,LEH2015BRBO016A,2015-06-28 04:10,2015-07-03 04:18,1,1,LEH2015BRBO016A_A12376_070215
934,LEH2015BRBO017A,2015-06-29 00:34,2015-06-29 00:34,0,0,
935,LEH2015BRBO018A,2015-06-29 00:50,2015-07-03 05:22,1,1,LEH2015BRBO018A_A12414_070215
936,LEH2015BRBO019A,2015-06-29 01:14,2015-07-03 02:50,1,6,
937,LEH2015BRBO020A,2015-06-29 00:52,2015-07-05 03:02,1,1,LEH2015BRBO020A_A12398_070415
938,LEH2015BRBO021A,2015-06-29 01:19,2015-06-29 01:19,0,0,
939,LEH2015BRBO022A,2015-06-29 01:43,2015-07-03 02:58,1,1,LEH2015BRBO022A_A12370_070215
940,LEH2015BRBO023A,2015-06-29 02:14,2015-07-05 03:44,1,1,LEH2015BRBO023A_A12401_070415
941,LEH2015BRBO024A,2015-06-29 02:45,2015-07-04 05:34,1,1,LEH2015BRBO024A_A12409_070315
942,LEH2015BRBO025A,2015-06-29 01:37,2015-06-29 01:37,0,6,
943,LEH2015BRBO026A,2015-06-29 03:30,2015-06-29 03:30,0,0,
944,LEH2015BRBO027A,2015-06-29 03:25,2015-07-05 04:15,1,6,
945,LEH2015BRBO028A,2015-06-29 04:02,2015-07-03 03:26,1,6,
946,LEH2015BRBO029A,2015-06-29 04:22,2015-07-06 05:20,2,6,
947,LEH2015RFBO001A,2015-05-27 06:50,2015-06-03 07:46,1,1,LEH2015RFBO001A_A12395_060215
948,LEH2015RFBO002A,2015-05-27 06:55,2015-06-01 05:47,1,1,LEH2015RFBO002A_A12381_053115
949,LEH2015RFBO003A,2015-05-27 07:08,2015-06-02 07:42,1,1,LEH2015RFBO003A_A12396_060115
950,LEH2015RFBO004A,2015-05-27 07:15,2015-06-04 16:44,1,1,LEH2015RFBO004A_A12380_060415
951,LEH2015RFBO005A,2015-05-27 07:30,2015-06-01 07:07,1,1,LEH2015RFBO005A_A12398_053115
952,LEH2015RFBO006A,2015-05-27 07:34,2015-06-01 06:06,1,1,LEH2015RFBO006A_A12379_053115
953,LEH2015RFBO007A,2015-05-27 07:57,2015-06-01 07:22,1,1,LEH2015RFBO007A_A12400_053115
954,LEH2015RFBO008A,2015-05-27 07:55,2015-06-03 07:27,1,1,LEH2015RFBO008A_A12378_060215
955,LEH2015RFBO009A,2015-05-27 08:20,2015-06-01 07:46,1,1,LEH2015RFBO009A_A12401_053115
956,LEH2015RFBO010A,2015-05-27 08:06,2015-06-02 07:11,1,1,LEH2015RFBO010A_A12377_060115
957,LEH2015RFBO011A,2015-05-27 08:38,2015-06-01 07:34,1,1,LEH2015RFBO011A_A12402_053115
958,LEH2015RFBO012A,2015-05-27 08:25,2015-06-02 07:25,1,1,LEH2015RFBO012A_A12376_060115
959,LEH2015RFBO013A,2015-05-28 07:30,2015-06-02 07:12,1,1,LEH2015RFBO013A_A12418_060115
960,LEH2015RFBO014A,2015-05-27 08:42,2015-06-01 06:29,1,1,LEH2015RFBO014A_A12368_053115
961,LEH2015RFBO015A,2015-05-28 08:02,2015-06-01 06:52,1,2,
962,LEH2015RFBO016A,2015-05-27 08:57,2015-06-02 07:40,2,1,LEH2015RFBO016A_A12375_060115
963,LEH2015RFBO017A,2015-05-28 08:42,2015-06-05 05:43,1,2,
964,LEH2015RFBO018A,2015-05-28 07:21,2015-05-28 07:21,0,0,
965,LEH2015RFBO019A,2015-05-28 09:00,2015-06-03 08:09,1,1,LEH2015RFBO019A_A12420_060215
966,LEH2015RFBO020A,2015-05-28 07:39,2015-06-02 07:58,1,1,LEH2015RFBO020A_A12414_060115
967,LEH2015RFBO021A,2015-05-28 07:16,2015-05-28 07:16,0,0,
968,LEH2015RFBO022A,2015-05-28 07:54,2015-06-03 07:46,1,1,LEH2015RFBO022A_A12413_060215
969,LEH2015RFBO024A,2015-05-28 08:19,2015-06-02 08:20,1,1,LEH2015RFBO024A_A12412_060115
970,LEH2015RFBO026A,2015-05-28 08:40,2015-06-02 08:42,1,1,LEH2015RFBO026A_A12411_060115
971,LEH2015RFBO028A,2015-05-28 08:54,2015-06-02 08:56,1,6,
972,LEH2015RFBO030A,2015-06-28 07:21,2015-07-04 07:45,1,1,LEH2015RFBO030A_A12373_070315
973,LEH2015RFBO031A,2015-06-28 07:20,2015-06-28 07:20,0,0,
974,LEH2015RFBO032A,2015-06-28 07:43,2015-07-04 08:07,1,1,LEH2015RFBO032A_A12380_070315
975,LEH2015RFBO033A,2015-06-28 07:37,2015-07-19 06:30,2,1,LEH2015RFBO033A_A12411_071815
976,LEH2015RFBO034A,2015-06-28 08:07,2015-07-04 08:45,1,1,LEH2015RFBO034A_A12377_070315
977,LEH2015RFBO036A,2015-06-28 08:25,2015-07-05 08:17,1,1,LEH2015RFBO036A_A12382_070415
978,LEH2015RFBO037A,2015-06-28 08:11,2015-07-19 16:30,2,1,LEH2015RFBO037A_A12420_071915
979,LEH2015RFBO038A,2015-06-28 08:39,2015-06-28 08:39,0,0,
980,LEH2015RFBO039A,2015-06-28 08:26,2015-07-19 16:40,3,1,LEH2015RFBO039A_A12393_071915
981,LEH2015RFBO040A,2015-06-29 07:13,2015-06-29 07:13,0,6,
982,LEH2015RFBO041A,2015-06-28 08:43,2015-07-05 07:52,2,1,LEH2015RFBO041A_A12392_070415
983,LEH2015RFBO042A,2015-06-29 07:22,2015-06-29 07:22,0,6,
984,LEH2015RFBO043A,2015-06-29 07:13,2015-07-05 07:15,1,6,
985,LEH2015RFBO044A,2015-06-29 07:35,2015-07-05 07:22,2,6,
986,LEH2015RFBO045A,2015-06-29 07:26,2015-07-05 07:30,1,6,
987,LEH2015RFBO046A,2015-06-29 07:46,2015-06-29 07:46,0,6,
988,LEH2015RFBO047A,2015-06-29 07:48,2015-07-06 08:21,1,6,
989,LEH2015RFBO048A,2015-06-29 07:57,2015-07-05 07:40,1,6,
990,LEH2015RFBO049A,2015-06-29 08:26,2015-06-29 08:26,0,6,
991,LEH2015RFBO050A,2015-06-29 08:04,2015-07-05 07:55,1,6,
992,LEH2015RFBO051A,2015-06-29 08:10,2015-07-04 08:01,1,6,
993,LEH2015RFBO052A,2015-06-29 08:14,2015-07-04 08:37,1,6,
994,LEH2015RFBO053A,2015-06-29 08:46,2015-07-04 09:04,1,6,
995,LEH2015RFBO054A,2015-06-29 08:26,2015-06-29 08:26,0,6,
996,LEH2015RFBO055A,2015-06-29 09:00,2015-06-29 09:00,0,6,
997,LEH2015RTTR002A,2015-06-28 00:31,2015-07-02 00:56,1,1,LEH2015RTTR002A_A12404_070115
998,LEH2015RTTR003A,2015-05-26 23:31,2015-05-30 21:00,1,1,LEH2015RTTR003A_A12393_053015
999,LEH2015RTTR006A,2015-06-28 22:43,2015-06-28 22:43,0,0,
1000,LEH2015RTTR007A,2015-05-28 00:19,2015-06-05 23:29,1,6,
1001,LEH2015RTTR010A,2015-06-28 00:16,2015-06-28 00:16,0,6,
1002,LEH2015RTTR014A,2015-06-28 01:49,2015-07-02 23:50,1,1,LEH2015RTTR014A_A12405_070215
1003,LEH2015RTTR028A,2015-05-27 03:14,2015-05-27 03:14,0,0,
1004,LEH2015RTTR030A,2015-05-27 21:57,2015-06-04 19:41,2,1,LEH2015RTTR030A_A12406_060415
1005,LEH2015RTTR033A,2015-05-27 22:34,2015-06-03 21:49,1,1,LEH2015RTTR033A_A12407_060315
1006,LEH2015RTTR036A,2015-05-27 20:18,2015-06-05 22:52,2,1,LEH2015RTTR036A_A12404_060515
1007,LEH2015RTTR037A,2015-05-27 20:41,2015-06-04 01:41,1,1,LEH2015RTTR037A_A12405_060315
1008,LEH2015RTTR039A,2015-06-27 23:41,2015-07-05 04:00,1,1,LEH2015RTTR039A_A12385_070415
1009,LEH2015RTTR053A,2015-06-28 21:36,2015-07-16 10:00,2,6,
1010,LEH2015RTTR054A,2015-05-27 19:58,2015-05-27 19:58,0,0,
1011,LEH2015RTTR060A,2015-05-27 21:37,2015-06-02 18:55,1,6,
1012,LEH2015RTTR067A,2015-05-27 20:58,2015-06-01 01:10,1,1,LEH2015RTTR067A_A12370_053115
1013,LEH2015RTTR069A,2015-06-28 22:40,2015-07-05 20:20,1,6,
1014,LEH2015RTTR072A,2015-05-27 23:37,2015-06-04 02:18,1,1,LEH2015RTTR072A_A12366_060315
1015,LEH2015RTTR073A,2015-06-28 02:53,2015-06-28 02:53,0,0,
1016,LEH2015RTTR074A,2015-06-28 21:59,2015-07-05 23:23,2,1,LEH2015RTTR074A_A12375_070515
1017,LEH2015RTTR075A,2015-05-27 23:19,2015-05-31 23:36,1,1,LEH2015RTTR075A_A12367_053115
1018,LEH2015RTTR078A,2015-05-27 19:30,2015-06-04 20:27,1,1,LEH2015RTTR078A_A12373_060415
1019,LEH2015RTTR082A,2015-05-27 05:15,2015-06-06 00:46,1,1,LEH2015RTTR082A_A12382_060515
1020,LEH2015RTTR086A,2015-06-28 01:50,2015-06-28 01:50,0,6,
1021,LEH2015RTTR090A,2015-06-28 01:28,2015-07-05 23:01,1,1,LEH2015RTTR090A_A12395_070515
1022,LEH2015RTTR091A,2015-05-27 22:39,2015-06-02 19:16,2,6,
1023,LEH2015RTTR094A,2015-05-27 02:39,2015-05-27 02:39,0,0,
1024,LEH2015RTTR096A,2015-06-28 20:45,2015-06-28 20:45,0,6,
1025,LEH2015RTTR099A,2015-06-28 19:54,2015-07-03 23:00,1,1,LEH2015RTTR099A_A12406_070315
1026,LEH2015RTTR127A,2015-06-28 02:26,2015-07-04 00:07,2,1,LEH2015RTTR127A_A12388_070315
1027,MCB2015RFBO001,2015-06-18 05:48,2015-06-24 05:40,1,6,
1028,MCB2015RFBO002,2015-06-18 05:58,2015-06-24 05:49,1,6,
1029,MCB2015RFBO003,2015-06-18 06:10,2015-06-23 06:53,1,6,
1030,MCB2015RFBO004,2015-06-18 06:20,2015-06-23 05:29,1,1,MCB2015RFBO004_061715_A12367
1031,MCB2015RFBO005,2015-06-18 06:45,2015-07-07 06:15,1,6,
1032,MCB2015RFBO006,2015-06-18 06:57,2015-06-23 05:47,1,6,
1033,MCB2015RFBO007,2015-06-18 06:59,2015-06-23 08:15,1,6,
1034,MCB2015RFBO008,2015-06-18 07:10,2015-06-24 05:27,1,1,MCB2015RFBO008_061715_A12378
1035,MCB2015RFBO009,2015-06-18 07:21,2015-06-23 06:23,1,6,
1036,MCB2015RFBO010,2015-06-18 07:32,2015-06-23 08:27,1,1,MCB2015RFBO010_061715_A12400
1037,MCB2015RFBO011,2015-06-18 07:44,2015-06-24 06:31,1,1,MCB2015RFBO011_061715_A12381
1038,MCB2015RFBO012,2015-06-18 07:50,2015-06-23 06:31,1,1,MCB2015RFBO012_061715_A12402
1039,MCB2015RFBO013,2015-06-18 08:03,2015-06-23 06:41,1,1,MCB2015RFBO013_061715_A12413
1040,MCB2015RFBO014,2015-06-18 08:06,2015-06-23 06:10,1,1,MCB2015RFBO014_061715_A12389
1041,MCB2015RFBO015,2015-06-18 08:18,2015-06-18 08:18,0,0,
1042,MCB2015RFBO016,2015-06-18 08:23,2015-06-23 07:20,1,1,MCB2015RFBO016_061715_A12396
1043,MCB2015RFBO017,2015-06-18 08:32,2015-06-24 06:00,1,1,MCB2015RFBO017_061715_A12412
1044,MCB2015RFBO018,2015-06-18 08:43,2015-06-23 05:59,1,6,
1045,MCB2015RFBO019,2015-06-18 08:43,2015-07-07 07:50,1,6,
1046,MCB2015RFBO020,2015-06-18 08:55,2015-06-23 07:05,1,6,
1047,MCB2015RFBO021,2015-06-30 05:22,2015-07-08 05:52,1,6,
1048,MCB2015RFBO022,2015-06-30 05:24,2015-07-08 05:46,1,6,
1049,MCB2015RFBO023,2015-06-30 05:36,2015-07-08 07:25,1,1,MCB2015RFBO023_062915_A12413
1050,MCB2015RFBO024,2015-06-30 05:38,2015-07-07 06:34,1,1,MCB2015RFBO024_062915_A12396
1051,MCB2015RFBO025,2015-06-30 05:46,2015-06-30 05:46,0,6,
1052,MCB2015RFBO026,2015-06-30 05:59,2015-06-30 05:59,0,0,
1053,MCB2015RFBO027,2015-06-30 05:58,2015-07-07 06:56,1,1,MCB2015RFBO027_062915_A12412
1054,MCB2015RFBO028,2015-06-30 06:18,2015-07-07 07:38,1,1,MCB2015RFBO028_062915_A12389
1055,MCB2015RFBO029,2015-06-30 06:18,2015-07-08 06:20,1,1,MCB2015RFBO029_062915_A12400
1056,MCB2015RFBO030,2015-06-30 06:31,2015-07-07 07:47,1,1,MCB2015RFBO030_062915_A12402
1057,MCB2015RFBO031,2015-06-30 06:42,2015-07-07 06:04,1,1,MCB2015RFBO031_062915_A12367
1058,MCB2015RFBO032,2015-06-30 06:40,2015-07-07 07:06,1,1,MCB2015RFBO032_062915_A12381
1059,MCB2015RFBO033,2015-06-30 06:57,2015-07-07 08:03,1,6,
1060,MCB2015RFBO034,2015-06-30 06:57,2015-07-09 06:00,1,6,
1061,MCB2015RFBO035,2015-06-30 07:09,2015-07-07 07:16,1,6,
1062,MCB2015RFBO036,2015-06-30 07:12,2015-07-08 06:12,1,6,
1063,MCB2015RFBO037,2015-06-30 07:11,2015-07-07 07:30,1,6,
1064,MCB2015RFBO038,2015-06-30 07:27,2015-07-06 22:23,5,6,
1065,MCB2015RFBO039,2015-06-30 07:34,2015-06-30 07:34,0,6,
1066,MCB2015RFBO040,2015-06-30 07:42,2015-07-09 06:14,1,6,
1067,MCB2015WTSH001,2015-08-18 06:42,2015-09-02 07:00,1,6,
1068,MCB2015WTSH002,2015-08-18 06:45,2015-09-01 09:50,2,6,
1069,MCB2015WTSH003,2015-08-18 07:07,2015-09-02 09:01,1,6,
1070,MCB2015WTSH004,2015-08-18 07:10,2015-08-18 07:10,0,6,
1071,MCB2015WTSH005,2015-08-18 07:34,2015-08-18 07:34,0,6,
1072,MCB2015WTSH006,2015-08-18 07:44,2015-09-01 07:45,2,6,
1073,MCB2015WTSH007,2015-08-18 08:24,2015-08-29 05:47,2,6,
1074,MCB2015WTSH008,2015-08-18 08:35,2015-08-18 08:35,0,6,
1075,MCB2015WTSH009,2015-08-18 08:48,2015-08-29 07:35,1,6,
1076,MCB2015WTSH010,2015-08-18 08:56,2015-08-30 05:52,1,6,
1077,MCB2015WTSH011,2015-08-18 09:05,2015-08-30 06:30,1,6,
1078,MCB2015WTSH012,2015-08-18 09:20,2015-08-18 09:20,0,6,
1079,MCB2015WTSH013,2015-08-18 09:30,2015-08-29 11:09,1,6,
1080,MCB2015WTSH014,2015-08-18 09:35,2015-08-18 09:35,0,6,
1081,MCB2015WTSH015,2015-08-18 10:06,2015-08-18 10:06,0,6,
1082,MCB2015WTSH016,2015-08-18 10:10,2015-08-26 07:13,1,6,
1083,MCB2015WTSH017,2015-08-18 10:27,2015-08-24 09:05,2,6,
1084,MCB2015WTSH018,2015-08-18 10:43,2015-08-30 14:52,1,6,
1085,MCB2015WTSH019,2015-08-18 10:55,2015-08-30 08:47,1,6,
1086,MCB2015WTSH020,2015-08-18 11:05,2015-08-18 11:05,0,6,
